-- phpMyAdmin SQL Dump
-- version 4.8.2
-- https://www.phpmyadmin.net/
--
-- Servidor: 127.0.0.1
-- Tiempo de generación: 02-02-2019 a las 00:29:11
-- Versión del servidor: 10.1.34-MariaDB
-- Versión de PHP: 7.2.7

SET SQL_MODE = "NO_AUTO_VALUE_ON_ZERO";
SET AUTOCOMMIT = 0;
START TRANSACTION;
SET time_zone = "+00:00";


/*!40101 SET @OLD_CHARACTER_SET_CLIENT=@@CHARACTER_SET_CLIENT */;
/*!40101 SET @OLD_CHARACTER_SET_RESULTS=@@CHARACTER_SET_RESULTS */;
/*!40101 SET @OLD_COLLATION_CONNECTION=@@COLLATION_CONNECTION */;
/*!40101 SET NAMES utf8mb4 */;

--
-- Base de datos: `libreria`
--

-- --------------------------------------------------------

--
-- Estructura de tabla para la tabla `abastecer`
--

CREATE TABLE `abastecer` (
  `id` int(11) NOT NULL,
  `fecha` date NOT NULL,
  `total_abastecer` varchar(50) COLLATE utf8_spanish2_ci NOT NULL,
  `usuario_id` int(11) NOT NULL,
  `proveedor_id` int(11) NOT NULL
) ENGINE=InnoDB DEFAULT CHARSET=utf8 COLLATE=utf8_spanish2_ci;

--
-- Volcado de datos para la tabla `abastecer`
--

INSERT INTO `abastecer` (`id`, `fecha`, `total_abastecer`, `usuario_id`, `proveedor_id`) VALUES
(5, '2019-01-15', '15.36', 8, 5);

-- --------------------------------------------------------

--
-- Estructura de tabla para la tabla `caja`
--

CREATE TABLE `caja` (
  `id` int(11) NOT NULL,
  `usuario` int(11) NOT NULL,
  `transaccion` varchar(100) COLLATE utf8_spanish2_ci NOT NULL,
  `fecha` date NOT NULL,
  `monto` double NOT NULL,
  `saldo` float NOT NULL
) ENGINE=InnoDB DEFAULT CHARSET=utf8 COLLATE=utf8_spanish2_ci;

--
-- Volcado de datos para la tabla `caja`
--

INSERT INTO `caja` (`id`, `usuario`, `transaccion`, `fecha`, `monto`, `saldo`) VALUES
(1, 1, '0', '2018-12-31', 143.43, 126.93),
(2, 1, '0', '2019-01-04', 184, 310.93),
(3, 1, '0', '2019-01-04', 32, 342.93),
(4, 1, '0', '2019-01-04', 24, 366.93),
(5, 1, '0', '2019-01-04', 61, 427.93),
(6, 1, '0', '2019-01-04', 3.6, 431.53),
(7, 1, '0', '2019-01-04', 49, 480.53),
(8, 1, '0', '2019-01-04', 49.4, 529.93),
(9, 1, '0', '2019-01-05', 0.6, 530.53),
(10, 1, '0', '2019-01-05', 184, 714.53),
(11, 1, '0', '2019-01-05', 1, 715.53),
(12, 1, '0', '2019-01-05', 20, 735.53),
(13, 1, '0', '2019-01-05', 3, 738.53),
(14, 1, '2', '0000-00-00', 20, 738.53),
(15, 1, '2', '2019-01-05', 20, 738.53),
(16, 1, '2', '2019-01-05', 20, 738.53),
(17, 1, '2', '2019-01-05', 20, 718.53),
(18, 1, '2', '2019-01-05', 20, 698.53),
(19, 1, '2', '2019-01-05', 20, 678.53),
(20, 1, '2', '2019-01-05', 20, 658.53),
(21, 1, '2', '2019-01-05', 20, 638.53),
(22, 1, '2', '2019-01-06', 0.23, 638.3),
(23, 1, '2', '2019-01-06', 0.23, 638.07),
(24, 1, '2', '2019-01-06', 0.23, 637.84),
(25, 1, '2', '2019-01-06', 0.23, 637.61),
(26, 1, '2', '2019-01-06', 0.23, 637.38),
(27, 1, '2', '2019-01-06', 1, 636.38),
(28, 1, '2', '2019-01-06', 1, 635.38),
(29, 1, '2', '2019-01-06', 1, 634.38),
(30, 1, '2', '2019-01-06', 1, 633.38),
(31, 1, '2', '2019-01-06', 1, 632.38),
(32, 1, '2', '2019-01-06', 1, 631.38),
(33, 1, '2', '2019-01-06', 1, 630.38),
(34, 1, '2', '2019-01-06', 1, 629.38),
(35, 1, '2', '2019-01-06', 1, 628.38),
(36, 1, '2', '2019-01-06', 1, 627.38),
(37, 1, '2', '2019-01-06', 1, 626.38),
(38, 1, '2', '2019-01-06', 1, 625.38),
(39, 1, '2', '2019-01-06', 1, 624.38),
(40, 1, '2', '2019-01-06', 1, 623.38),
(41, 1, '2', '2019-01-06', 1, 622.38),
(42, 1, '2', '2019-01-06', 1, 621.38),
(43, 1, '2', '2019-01-06', 184, 437.38),
(44, 1, '2', '2019-01-06', 184, 253.38),
(45, 1, '2', '2019-01-06', 184, 69.38),
(46, 1, '2', '2019-01-06', 0.23, 69.15),
(47, 1, 'venta', '2019-01-06', 0.6, 69.75),
(48, 1, '2', '2019-01-06', 0.6, 69.15),
(49, 1, '2', '2019-01-06', 0.6, 68.55),
(50, 1, '2', '2019-01-06', 0.6, 67.95),
(51, 1, '2', '2019-01-08', 0.23, 67.72),
(52, 1, 'venta', '2019-01-09', 7.9, 75.62),
(53, 1, 'venta', '2019-01-10', 0, 75.62),
(54, 1, 'venta', '2019-01-10', 0, 75.62),
(55, 1, '2', '2019-01-10', 0.23, 75.39),
(56, 1, '2', '2019-01-10', 0.23, 75.16),
(57, 1, '2', '2019-01-10', 0.23, 74.93),
(58, 1, '2', '2019-01-10', 4.52, 70.41),
(59, 1, '2', '2019-01-10', 4.52, 65.89),
(60, 1, '2', '2019-01-10', 4.52, 61.37),
(61, 1, '2', '2019-01-10', 0.6, 60.77),
(62, 1, 'venta', '2019-01-10', 41.85, 102.62),
(63, 1, 'venta', '2019-01-14', 36.79, 139.41),
(64, 1, 'venta', '2019-01-14', 36.79, 176.2),
(65, 1, 'venta', '2019-01-14', 36.59, 212.79),
(66, 1, 'venta', '2019-01-14', 36.59, 249.38),
(67, 1, 'venta', '2019-01-14', 36.59, 285.97),
(68, 1, 'venta', '2019-01-14', 3.5, 289.47),
(69, 1, '2', '2019-01-14', 36.59, 252.88),
(70, 1, '2', '2019-01-14', 36.59, 216.29),
(71, 1, 'venta', '2019-01-14', 5.8, 222.09),
(72, 1, 'venta', '2019-01-14', 13.2, 235.29),
(73, 1, 'venta', '2019-01-14', 16.9, 252.19),
(74, 1, 'venta', '2019-01-14', 1.5, 253.69),
(75, 1, 'venta', '2019-01-14', 2.5, 256.19),
(76, 1, 'venta', '2019-01-15', 18.4, 274.59),
(77, 1, 'venta', '2019-01-15', 2.4, 276.99),
(78, 1, 'venta', '2019-01-15', 41.65, 318.64),
(79, 1, 'venta', '2019-01-15', 0.5, 319.14),
(80, 1, 'venta', '2019-01-15', 1.25, 320.39),
(81, 8, '2', '2019-01-15', 15.36, 305.03),
(82, 1, 'venta', '2019-01-15', 29.9, 334.93),
(83, 1, 'venta', '2019-01-15', 15, 349.93),
(84, 1, 'venta', '2019-01-15', 1.5, 351.43),
(85, 1, 'venta', '2019-01-16', 22.1, 373.53),
(86, 1, 'venta', '2019-01-16', 0, 373.53),
(87, 1, 'venta', '2019-01-16', 1, 374.53),
(88, 1, 'venta', '2019-01-16', 1, 375.53),
(89, 1, '2', '2019-01-16', 0, 375.53),
(90, 1, 'venta', '2019-01-16', 16.9, 392.43),
(91, 1, '2', '2019-01-16', 16.9, 375.53),
(92, 1, 'venta', '2019-01-16', 16.95, 392.48),
(93, 1, '2', '2019-01-16', 16.95, 375.53),
(94, 1, 'venta', '2019-01-16', 20.85, 396.38),
(95, 1, 'venta', '2019-01-16', 20.85, 417.23),
(96, 1, 'venta', '2019-01-16', 0, 422.08),
(97, 1, '2', '2019-01-16', 0, 422.08),
(98, 1, '2', '2019-01-16', 20.85, 401.23),
(99, 1, 'venta', '2019-01-16', 4.85, 406.08),
(100, 1, 'venta', '2019-01-16', 1.5, 407.58),
(101, 1, 'venta', '2019-01-16', 36.6, 444.18),
(102, 1, 'venta', '2019-01-16', 30.1, 477.63),
(103, 1, 'venta', '2019-01-16', 2.59, 480.51),
(104, 1, 'venta', '2019-01-16', 3.25, 483.76),
(105, 1, 'venta', '2019-01-16', 7.6, 491.36),
(106, 1, 'venta', '2019-01-16', 5, 496.36),
(107, 1, 'venta', '2019-01-16', 5, 501.36),
(108, 1, 'venta', '2019-01-16', 5, 506.36),
(109, 1, 'venta', '2019-01-16', 4.22, 510.58),
(110, 1, 'venta', '2019-01-16', 0.25, 510.83),
(111, 1, 'venta', '2019-01-16', 5.5, 516.33),
(112, 1, '2', '2019-01-16', 5.5, 510.83),
(113, 1, 'venta', '2019-01-16', 2.5, 513.33),
(114, 1, '2', '2019-01-16', 2.5, 510.83),
(115, 1, 'venta', '2019-01-16', 5.5, 516.33),
(116, 1, 'venta', '2019-01-17', 3, 520.33),
(117, 1, 'venta', '2019-01-17', 12.65, 532.98),
(118, 1, 'venta', '2019-01-17', 1.4, 534.38),
(119, 1, 'venta', '2019-01-17', 7.49, 542.18),
(120, 1, 'venta', '2019-01-17', 3.75, 545.93),
(121, 1, 'venta', '2019-01-17', 3.95, 549.88),
(122, 1, 'venta', '2019-01-17', 2.1, 551.98),
(123, 1, 'venta', '2019-01-17', 80, 631.98),
(124, 1, 'venta', '2019-01-18', 16.25, 648.23),
(125, 1, 'venta', '2019-01-18', 2.5, 650.73),
(126, 1, 'venta', '2019-01-18', 24.76, 678.24),
(127, 1, 'venta', '2019-01-18', 2.02, 680.49),
(128, 1, 'venta', '2019-01-18', 77.52, 763.84),
(129, 1, 'venta', '2019-01-18', 5.85, 770.34),
(130, 1, 'venta', '2019-01-18', 2.25, 772.84),
(131, 1, 'venta', '2019-01-18', 6.28, 779.12),
(132, 1, 'venta', '2019-01-18', 5.95, 785.07),
(133, 1, 'venta', '2019-01-18', 2.5, 787.57),
(134, 1, 'venta', '2019-01-18', 2.85, 790.42),
(135, 1, 'venta', '2019-01-18', 10.89, 802.52),
(136, 1, 'venta', '2019-01-18', 6.3, 808.82),
(137, 1, 'venta', '2019-01-18', 2.5, 811.32),
(138, 1, 'venta', '2019-01-19', 4.75, 816.07),
(139, 1, 'venta', '2019-01-19', 7.18, 823.25),
(140, 1, 'venta', '2019-01-19', 5.75, 829),
(141, 1, 'venta', '2019-01-19', 3.25, 832.25),
(142, 1, 'venta', '2019-01-19', 3.84, 836.09),
(143, 1, '2', '2019-01-19', 3.84, 832.25),
(144, 1, 'venta', '2019-01-19', 13.79, 847.57),
(145, 1, 'venta', '2019-01-19', 12.57, 861.54),
(146, 1, 'venta', '2019-01-19', 11.95, 873.49),
(147, 1, 'venta', '2019-01-19', 4.95, 878.44),
(148, 1, 'venta', '2019-01-21', 20.4, 898.84),
(149, 1, 'venta', '2019-01-21', 1.25, 900.09),
(150, 1, 'venta', '2019-01-21', 3.5, 903.59),
(151, 1, 'venta', '2019-01-21', 3.15, 906.74),
(152, 1, 'venta', '2019-01-21', 6.3, 913.74),
(153, 1, 'venta', '2019-01-22', 18, 931.74),
(154, 1, 'venta', '2019-01-22', 5.5, 937.24),
(155, 1, 'venta', '2019-01-22', 28.9, 966.14),
(156, 1, 'venta', '2019-01-22', 3.7, 969.84),
(157, 1, 'venta', '2019-01-22', 3.75, 973.59),
(158, 1, 'venta', '2019-01-22', 5.35, 978.94),
(159, 1, 'venta', '2019-01-22', 5.3, 984.24),
(160, 1, 'venta', '2019-01-22', 6.4, 990.64),
(161, 1, 'venta', '2019-01-23', 1.1, 991.74),
(162, 1, 'venta', '2019-01-23', 58.79, 1052.98),
(163, 1, 'venta', '2019-01-23', 9.9, 1062.88),
(164, 1, 'venta', '2019-01-23', 10, 1072.88),
(165, 1, 'venta', '2019-01-23', 9.4, 1082.28),
(166, 1, 'venta', '2019-01-23', 9.4, 1091.68),
(167, 1, 'venta', '2019-01-23', 11.99, 1103.67),
(168, 1, 'venta', '2019-01-24', 9.35, 1113.02),
(169, 1, 'venta', '2019-01-24', 5.86, 1118.88),
(170, 1, 'venta', '2019-01-24', 2.42, 1121.3),
(171, 1, 'venta', '2019-01-24', 4.05, 1125.35),
(172, 1, 'venta', '2019-01-24', 2.85, 1128.2),
(173, 1, 'venta', '2019-01-24', 2.85, 1131.05),
(174, 1, '2', '2019-01-24', 2.85, 1128.2),
(175, 1, 'venta', '2019-01-24', 5.34, 1133.54),
(176, 1, 'venta', '2019-01-24', 3.44, 1136.58),
(177, 1, 'venta', '2019-01-24', 7.05, 1143.63),
(178, 1, 'venta', '2019-01-24', 14.73, 1158.36),
(179, 1, 'venta', '2019-01-24', 3.95, 1162.31),
(180, 1, 'venta', '2019-01-24', 2.7, 1165.01),
(181, 1, 'venta', '2019-01-24', 4.75, 1169.76),
(182, 1, 'venta', '2019-01-25', 5.85, 1175.61),
(183, 1, 'venta', '2019-01-25', 9.3, 1184.91),
(184, 1, 'venta', '2019-01-25', 6.3, 1191.21),
(185, 1, 'venta', '2019-01-25', 6.3, 1197.51),
(186, 1, '2', '2019-01-25', 6.3, 1191.21),
(187, 1, 'venta', '2019-01-25', 1.75, 1192.96),
(188, 1, 'venta', '2019-01-25', 5.75, 1198.71),
(189, 1, 'venta', '2019-01-25', 5.65, 1204.36),
(190, 1, 'venta', '2019-01-26', 5.65, 1210.01),
(191, 1, 'venta', '2019-01-26', 3.48, 1214.01),
(192, 1, 'venta', '2019-01-26', 8.51, 1224.26),
(193, 1, 'venta', '2019-01-26', 2.48, 1226.74),
(194, 1, 'venta', '2019-01-26', 1, 1227.74),
(195, 1, 'venta', '2019-01-26', 5, 1232.74),
(196, 1, 'venta', '2019-01-26', 11.22, 1243.96),
(197, 1, 'venta', '2019-01-26', 1.35, 1245.31),
(198, 1, 'venta', '2019-01-26', 13.15, 1258.46),
(199, 1, 'venta', '2019-01-26', 2, 1260.46),
(200, 1, 'venta', '2019-01-28', 9.31, 1270.36),
(201, 1, 'venta', '2019-01-28', 2.95, 1273.31),
(202, 1, 'venta', '2019-01-28', 4.35, 1277.66),
(203, 1, 'venta', '2019-01-28', 2, 1279.66),
(204, 1, 'venta', '2019-01-28', 18, 1297.66),
(205, 1, 'venta', '2019-01-28', 5.8, 1303.46),
(206, 1, 'venta', '2019-01-28', 1.35, 1304.81),
(207, 1, 'venta', '2019-01-28', 10.9, 1315.71),
(208, 1, 'venta', '2019-01-28', 0.4, 1316.11),
(209, 1, 'venta', '2019-01-28', 2, 1318.11),
(210, 1, '2', '2019-01-28', 2, 1316.11),
(211, 1, '2', '2019-01-28', 0.4, 1315.71),
(212, 1, 'venta', '2019-01-28', 7.65, 1323.36),
(213, 1, 'venta', '2019-01-28', 11.42, 1334.78),
(214, 1, 'venta', '2019-01-28', 0.5, 1335.28),
(215, 1, 'venta', '2019-01-28', 2.1, 1337.38),
(216, 1, 'venta', '2019-01-28', 7.75, 1345.13),
(217, 1, 'venta', '2019-01-28', 3.56, 1348.69),
(218, 1, 'venta', '2019-01-29', 5.28, 1353.97),
(219, 1, 'venta', '2019-01-29', 5.85, 1359.82),
(220, 1, 'venta', '2019-01-29', 10.7, 1370.52),
(221, 1, 'venta', '2019-01-29', 2, 1372.52),
(222, 1, '2', '2019-01-29', 2, 1370.52),
(223, 1, 'venta', '2019-01-29', 5.95, 1376.47),
(224, 1, 'venta', '2019-01-29', 2.5, 1378.97),
(225, 1, 'venta', '2019-01-29', 9.55, 1388.52),
(226, 1, 'venta', '2019-01-29', 5, 1393.52),
(227, 1, 'venta', '2019-01-30', 3.85, 1397.37),
(228, 1, 'venta', '2019-01-30', 5.95, 1403.32),
(229, 1, 'venta', '2019-01-30', 7.5, 1410.82),
(230, 1, 'venta', '2019-01-30', 12.43, 1423.25),
(231, 1, 'venta', '2019-01-30', 4.25, 1427.5),
(232, 1, 'venta', '2019-01-30', 52.5, 1487.85),
(233, 1, 'venta', '2019-01-30', 4.45, 1492.3),
(234, 1, 'venta', '2019-01-30', 2, 1494.3),
(235, 1, 'venta', '2019-02-01', 4.45, 1498.75),
(236, 1, '2', '2019-02-01', 4.45, 1494.3),
(237, 1, 'venta', '2019-02-01', 0.15, 1494.45),
(238, 1, '2', '2019-02-01', 0.15, 1494.3),
(239, 1, 'venta', '2019-02-01', 0.4, 1494.7),
(240, 1, '2', '2019-02-01', 0.4, 1494.3),
(241, 1, 'venta', '2019-02-01', 153, 1647.3),
(242, 1, 'venta', '2019-02-01', 4.35, 1651.65),
(243, 1, 'venta', '2019-02-01', 1.7, 1653.35),
(244, 1, 'venta', '2019-02-01', 13.72, 1667.07),
(245, 1, 'venta', '2019-02-01', 11.6, 1678.67),
(246, 1, '2', '2019-02-01', 11.6, 1667.07),
(247, 8, 'venta', '2019-02-01', 0.75, 1667.82),
(248, 1, '2', '2019-02-01', 0.75, 1667.07),
(249, 8, 'venta', '2019-02-01', 10.88, 1681.57),
(250, 8, 'venta', '2019-02-01', 5.15, 1686.72),
(251, 8, 'venta', '2019-02-01', 5.4, 1692.12),
(252, 8, 'venta', '2019-02-02', 15.3, 1707.42),
(253, 8, 'venta', '2019-02-02', 2.94, 1710.36),
(254, 8, 'venta', '2019-02-02', 3.5, 1713.86),
(255, 8, 'venta', '2019-02-02', 4.5, 1718.36),
(256, 8, 'venta', '2019-02-02', 11.99, 1730.35),
(257, 8, 'venta', '2019-02-02', 11.99, 1742.34);

-- --------------------------------------------------------

--
-- Estructura de tabla para la tabla `categorias`
--

CREATE TABLE `categorias` (
  `id` int(11) NOT NULL,
  `nombre` varchar(45) COLLATE utf8_spanish2_ci DEFAULT NULL,
  `descripcion` varchar(100) COLLATE utf8_spanish2_ci DEFAULT NULL,
  `estado` tinyint(1) DEFAULT NULL
) ENGINE=InnoDB DEFAULT CHARSET=utf8 COLLATE=utf8_spanish2_ci;

--
-- Volcado de datos para la tabla `categorias`
--

INSERT INTO `categorias` (`id`, `nombre`, `descripcion`, `estado`) VALUES
(1, 'Utiles Escolares', 'Lapiceros, sacaputas, borrador, etc.', 1),
(2, 'Material de Oficina', 'Engrapador, perforador, grapas, etc.', 1),
(3, 'Varierdades', 'Bolsas de regalo, tarjetas, sobres de regalo, etc.', 1),
(4, 'Libros', 'Obras, libros de texto, caligrafia, diccionarios, etc.', 1),
(5, 'Papeleria', 'Papel bond, regalo, lustre, etc.', 1),
(6, 'Tecnologia', 'Baterias, cables, fundas, etc.', 1),
(7, 'Material Didáctico', 'Ambientación de aulas', 1);

-- --------------------------------------------------------

--
-- Estructura de tabla para la tabla `clientes`
--

CREATE TABLE `clientes` (
  `id` int(11) NOT NULL,
  `nombres` varchar(100) COLLATE utf8_spanish2_ci NOT NULL,
  `apellidos` varchar(100) COLLATE utf8_spanish2_ci DEFAULT NULL,
  `nit` varchar(25) COLLATE utf8_spanish2_ci DEFAULT NULL,
  `telefono` varchar(9) COLLATE utf8_spanish2_ci DEFAULT NULL,
  `registro` varchar(50) COLLATE utf8_spanish2_ci DEFAULT NULL,
  `direccion` varchar(100) COLLATE utf8_spanish2_ci DEFAULT NULL,
  `estado` int(11) NOT NULL
) ENGINE=InnoDB DEFAULT CHARSET=utf8 COLLATE=utf8_spanish2_ci;

--
-- Volcado de datos para la tabla `clientes`
--

INSERT INTO `clientes` (`id`, `nombres`, `apellidos`, `nit`, `telefono`, `registro`, `direccion`, `estado`) VALUES
(1, 'Hugo', NULL, '123', NULL, '123', 'sm', 0),
(2, 'Zulmi Amaya', NULL, 'yy', NULL, 'rr', 'ee', 0),
(3, 'Midoriya', 'Izuku', '1217-061296-101-6', '1232-2222', '223336-8', 'Japon :v', 0),
(4, 'Carlos ', 'Padilla', '', '', '', '', 0),
(5, 'Ana Padilla', '', '', '', '', '', 0),
(6, 'Glendi ', 'Bonilla', '', '7044-7046', '', 'bonilla21hernandez@gmail.com', 1),
(7, 'Cliente', '', '', '', '', '', 1),
(8, 'Olimpia', '.', '', '7490-5741', '', 'El Cuco', 1),
(9, 'Nelson Vanegas ', 'Instituto de Chapeltique', '', '7578-8971', '', 'Chapeltique', 1),
(10, 'Colegio Sagrado Corazón', 'Sagrado Corazón', '', '', '', 'San Miguel', 0),
(11, 'Colegio Sagrado Corazón', '.', '', '', '', 'San Miguel', 1),
(12, 'Juan Antonio', 'Patricia Zelaya', '', '7589-9493', '', 'San Miguel', 1),
(13, 'Mauricio', '.', '', '7084-0280', '', 'Intipuca', 1),
(14, 'CALLEJA                                                                                             ', 'S.A. DE C.V. ', '0614-110169-001-1', '', '193-7', '4ta Av. Sur y 7a Calle Ote.', 1),
(15, 'Luis Martin', 'Guevara', '', '', '', '', 1);

-- --------------------------------------------------------

--
-- Estructura de tabla para la tabla `detalle_abastecer`
--

CREATE TABLE `detalle_abastecer` (
  `id` int(11) NOT NULL,
  `abastecer_id` int(11) NOT NULL,
  `producto_id` int(11) NOT NULL,
  `cantidad_abastecer` float NOT NULL,
  `importe` float NOT NULL
) ENGINE=InnoDB DEFAULT CHARSET=utf8 COLLATE=utf8_spanish2_ci;

--
-- Volcado de datos para la tabla `detalle_abastecer`
--

INSERT INTO `detalle_abastecer` (`id`, `abastecer_id`, `producto_id`, `cantidad_abastecer`, `importe`) VALUES
(4, 5, 123, 72, 15.36);

-- --------------------------------------------------------

--
-- Estructura de tabla para la tabla `detalle_venta`
--

CREATE TABLE `detalle_venta` (
  `id` int(11) NOT NULL,
  `producto_id` int(11) DEFAULT NULL,
  `venta_id` int(11) DEFAULT NULL,
  `precio` varchar(45) COLLATE utf8_spanish2_ci DEFAULT NULL,
  `cantidad` varchar(45) COLLATE utf8_spanish2_ci DEFAULT NULL,
  `importe` varchar(45) COLLATE utf8_spanish2_ci DEFAULT NULL
) ENGINE=InnoDB DEFAULT CHARSET=utf8 COLLATE=utf8_spanish2_ci;

--
-- Volcado de datos para la tabla `detalle_venta`
--

INSERT INTO `detalle_venta` (`id`, `producto_id`, `venta_id`, `precio`, `cantidad`, `importe`) VALUES
(1, 12, 3, '11.99', '1', '11.99'),
(2, 128, 3, '1.00', '4', '4.00'),
(3, 5, 3, '0.50', '5', '2.50'),
(4, 3, 3, '2.40', '2', '4.80'),
(5, 57, 3, '3.75', '1', '3.75'),
(6, 18, 3, '1.00', '1', '1.00'),
(7, 82, 3, '2.95', '1', '2.95'),
(8, 14, 3, '1.50', '1', '1.50'),
(9, 136, 3, '1.00', '1', '1.00'),
(10, 22, 3, '1.00', '1', '1.00'),
(11, 38, 3, '1.25', '1', '1.25'),
(12, 126, 3, '0.85', '1', '0.85'),
(13, 12, 4, '11.99', '1', '11.99'),
(14, 128, 4, '1.00', '4', '4.00'),
(15, 5, 4, '0.50', '5', '2.50'),
(16, 3, 4, '2.40', '2', '4.80'),
(17, 57, 4, '3.75', '1', '3.75'),
(18, 18, 4, '1.00', '1', '1.00'),
(19, 82, 4, '2.95', '1', '2.95'),
(20, 14, 4, '1.50', '1', '1.50'),
(21, 136, 4, '1.00', '1', '1.00'),
(22, 22, 4, '1.00', '1', '1.00'),
(23, 38, 4, '1.25', '1', '1.25'),
(24, 126, 4, '0.85', '1', '0.85'),
(25, 12, 5, '11.99', '1', '11.99'),
(26, 128, 5, '1.00', '4', '4.00'),
(27, 5, 5, '0.50', '5', '2.50'),
(28, 3, 5, '2.40', '2', '4.80'),
(29, 57, 5, '3.75', '1', '3.75'),
(30, 18, 5, '1.00', '1', '1.00'),
(31, 82, 5, '2.95', '1', '2.95'),
(32, 14, 5, '1.50', '1', '1.50'),
(33, 136, 5, '1.00', '1', '1.00'),
(34, 22, 5, '1.00', '1', '1.00'),
(35, 38, 5, '1.25', '1', '1.25'),
(36, 126, 5, '0.85', '1', '0.85'),
(37, 6, 6, '0.20', '1', '0.20'),
(38, 31, 6, '0.40', '2', '0.80'),
(39, 123, 6, '0.50', '1', '0.50'),
(40, 124, 6, '0.35', '2', '0.70'),
(41, 9, 6, '1.10', '1', '1.10'),
(42, 1, 6, '0.20', '1', '0.20'),
(43, 55, 7, '0.10', '4', '0.40'),
(44, 40, 7, '0.10', '4', '0.40'),
(45, 62, 7, '2.50', '1', '2.50'),
(46, 112, 7, '0.50', '3', '1.50'),
(47, 22, 7, '1.00', '1', '1.00'),
(48, 1, 8, '0.20', '3', '0.60'),
(49, 31, 8, '0.40', '1', '0.40'),
(50, 62, 8, '2.50', '1', '2.50'),
(51, 22, 8, '1.00', '1', '1.00'),
(52, 123, 8, '0.50', '1', '0.50'),
(53, 5, 8, '0.50', '2', '1.00'),
(54, 14, 8, '1.50', '1', '1.50'),
(55, 126, 8, '0.85', '2', '1.70'),
(56, 128, 8, '1.00', '4', '4.00'),
(57, 128, 9, '1.00', '9', '9.00'),
(58, 126, 9, '0.85', '2', '1.70'),
(59, 1, 9, '0.20', '6', '1.20'),
(60, 31, 9, '0.40', '1', '0.40'),
(61, 139, 9, '0.15', '1', '0.15'),
(62, 84, 9, '1.50', '1', '1.50'),
(63, 124, 9, '0.35', '1', '0.35'),
(64, 6, 9, '0.20', '2', '0.40'),
(65, 22, 9, '1.00', '1', '1.00'),
(66, 120, 9, '0.60', '2', '1.20'),
(67, 130, 10, '1.50', '1', '1.50'),
(68, 62, 11, '2.50', '1', '2.50'),
(69, 128, 12, '1.00', '5', '5.00'),
(70, 62, 12, '2.50', '1', '2.50'),
(71, 26, 12, '1.25', '1', '1.25'),
(72, 27, 12, '1.25', '1', '1.25'),
(73, 1, 12, '0.20', '10', '2.00'),
(74, 1, 12, '0.20', '3', '0.60'),
(75, 126, 12, '0.85', '1', '0.85'),
(76, 34, 12, '1.50', '1', '1.50'),
(77, 61, 12, '0.25', '4', '1.00'),
(78, 105, 12, '0.50', '1', '0.50'),
(79, 124, 12, '0.35', '2', '0.70'),
(80, 38, 12, '1.25', '1', '1.25'),
(81, 4, 13, '1.00', '2', '2.00'),
(82, 6, 13, '0.20', '2', '0.40'),
(83, 117, 14, '4.25', '6', '25.50'),
(84, 4, 14, '1.00', '3', '3.00'),
(85, 28, 14, '0.95', '1', '0.95'),
(86, 31, 14, '0.40', '1', '0.40'),
(87, 111, 14, '0.35', '1', '0.35'),
(88, 26, 14, '1.25', '1', '1.25'),
(89, 22, 14, '1.00', '1', '1.00'),
(90, 30, 14, '0.35', '1', '0.35'),
(91, 41, 14, '0.40', '1', '0.40'),
(92, 2, 14, '1.80', '3', '5.40'),
(93, 6, 14, '0.15', '12', '1.80'),
(94, 38, 14, '1.25', '1', '1.25'),
(95, 139, 15, '0.15', '1', '0.15'),
(96, 30, 15, '0.35', '1', '0.35'),
(97, 26, 16, '1.25', '1', '1.25'),
(98, 136, 17, '1.00', '1', '1.00'),
(99, 13, 17, '1.50', '1', '1.50'),
(100, 6, 17, '0.20', '2', '0.40'),
(101, 1, 17, '0.20', '3', '0.60'),
(102, 57, 17, '3.75', '1', '3.75'),
(103, 62, 17, '2.50', '2', '5.00'),
(104, 61, 17, '0.25', '4', '1.00'),
(105, 9, 17, '1.10', '4', '4.40'),
(106, 117, 17, '4.25', '1', '4.25'),
(107, 116, 17, '1.00', '2', '2.00'),
(108, 66, 17, '1.50', '4', '6.00'),
(109, 61, 18, '0.25', '9', '2.25'),
(110, 141, 18, '0.50', '1', '0.50'),
(111, 123, 18, '0.50', '1', '0.50'),
(112, 82, 18, '2.95', '1', '2.95'),
(113, 35, 18, '0.25', '1', '0.25'),
(114, 6, 18, '0.20', '2', '0.40'),
(115, 139, 18, '0.15', '1', '0.15'),
(116, 100, 18, '0.25', '1', '0.25'),
(117, 102, 18, '0.25', '1', '0.25'),
(118, 116, 18, '1.00', '1', '1.00'),
(119, 74, 18, '5.50', '1', '5.50'),
(120, 1, 18, '0.20', '5', '1.00'),
(121, 4, 19, '1.00', '1', '1.00'),
(122, 5, 19, '0.50', '1', '0.50'),
(123, 123, 20, '0.50', '2', '1.00'),
(124, 31, 20, '0.40', '2', '0.80'),
(125, 1, 20, '0.20', '3', '0.60'),
(126, 6, 20, '0.15', '12', '1.80'),
(127, 82, 20, '2.95', '2', '5.90'),
(128, 119, 20, '0.75', '4', '3.00'),
(129, 130, 20, '1.50', '6', '9.00'),
(130, 41, 24, '0.40', '2', '0.80'),
(131, 26, 24, '1.25', '1', '1.25'),
(132, 27, 24, '1.25', '1', '1.25'),
(133, 1, 24, '0.15', '12', '1.80'),
(134, 14, 24, '1.50', '1', '1.50'),
(135, 6, 24, '0.15', '12', '1.80'),
(136, 81, 24, '2.75', '1', '2.75'),
(137, 81, 24, '2.75', '1', '2.75'),
(138, 83, 24, '1.00', '1', '1.00'),
(139, 84, 24, '1.50', '1', '1.50'),
(140, 123, 24, '0.50', '1', '0.50'),
(141, 135, 24, '3.25', '1', '0.00'),
(142, 41, 25, '0.40', '2', '0.80'),
(143, 26, 25, '1.25', '1', '1.25'),
(144, 27, 25, '1.25', '1', '1.25'),
(145, 1, 25, '0.20', '12', '0.00'),
(146, 14, 25, '1.50', '', '1.50'),
(147, 6, 25, '0.20', '', '0.20'),
(148, 81, 25, '2.75', '', '2.75'),
(149, 82, 25, '2.95', '', '2.95'),
(150, 83, 25, '1.00', '', '1.00'),
(151, 84, 25, '1.50', '', '1.50'),
(152, 123, 25, '0.50', '', '0.50'),
(153, 135, 25, '3.25', '', '3.25'),
(154, 41, 26, '0.40', '2', '0.80'),
(155, 26, 26, '1.25', '1', '1.25'),
(156, 27, 26, '1.25', '1', '1.25'),
(157, 1, 26, '0.15', '12', '1.80'),
(158, 14, 26, '1.50', '1', '1.50'),
(159, 6, 26, '0.15', '12', '1.80'),
(160, 81, 26, '2.75', '1', '2.75'),
(161, 82, 26, '2.95', '1', '2.95'),
(162, 83, 26, '1.00', '1', '1.00'),
(163, 84, 26, '1.50', '1', '1.50'),
(164, 123, 26, '0.50', '2', '1.00'),
(165, 135, 26, '3.25', '1', '3.25'),
(166, 41, 27, '0.40', '2', '0.80'),
(167, 26, 27, '1.25', '1', '1.25'),
(168, 27, 27, '1.25', '1', '1.25'),
(169, 1, 27, '0.15', '12', '1.80'),
(170, 14, 27, '1.50', '1', '1.50'),
(171, 6, 27, '0.15', '12', '1.80'),
(172, 81, 27, '2.75', '1', '2.75'),
(173, 82, 27, '2.95', '1', '2.95'),
(174, 83, 27, '1.00', '1', '1.00'),
(175, 84, 27, '1.50', '1', '1.50'),
(176, 123, 27, '0.50', '2', '1.00'),
(177, 135, 27, '3.25', '1', '3.25'),
(178, 31, 28, '0.40', '2', '0.80'),
(179, 139, 28, '0.15', '2', '0.30'),
(180, 124, 28, '0.35', '5', '1.75'),
(181, 99, 28, '2.00', '1', '2.00'),
(182, 31, 29, '0.40', '2', '0.80'),
(183, 139, 29, '0.15', '2', '0.30'),
(184, 99, 29, '2.00', '1', '2.00'),
(185, 124, 29, '0.35', '5', '1.75'),
(186, 14, 30, '1.50', '1', '1.50'),
(187, 128, 31, '0.61', '60', '36.60'),
(188, 117, 32, '4.25', '4', '17.00'),
(189, 118, 32, '4.25', '1', '4.25'),
(190, 38, 32, '1.25', '1', '1.25'),
(191, 31, 32, '0.40', '1', '0.40'),
(192, 132, 32, '2.50', '1', '2.50'),
(193, 57, 32, '3.75', '1', '3.75'),
(194, 62, 32, '2.50', '1', '2.50'),
(195, 2, 32, '1.80', '1', '1.80'),
(196, 6, 33, '0.20', '7', '1.40'),
(197, 114, 33, '0.98', '1', '0.98'),
(198, 123, 33, '0.50', '1', '0.50'),
(199, 62, 34, '2.50', '1', '2.50'),
(200, 61, 34, '0.25', '3', '0.75'),
(201, 62, 35, '2.50', '1', '2.50'),
(202, 123, 35, '0.50', '1', '0.50'),
(203, 6, 35, '0.20', '1', '0.20'),
(204, 22, 35, '1.00', '1', '1.00'),
(205, 5, 35, '0.50', '3', '1.50'),
(206, 31, 35, '0.40', '1', '0.40'),
(207, 14, 35, '1.50', '1', '1.50'),
(208, 55, 38, '0.10', '4', '0.40'),
(209, 139, 38, '0.15', '1', '0.15'),
(210, 99, 38, '2.00', '1', '2.00'),
(211, 98, 38, '1.25', '1', '1.25'),
(212, 120, 38, '0.60', '2', '1.20'),
(213, 69, 40, '0.25', '', '0.25'),
(214, 62, 41, '2.50', '1', '2.50'),
(215, 112, 41, '0.50', '4', '2.00'),
(216, 141, 41, '0.50', '2', '1.00'),
(217, 62, 42, '2.50', '1', '2.50'),
(218, 62, 43, '2.50', '1', '2.50'),
(219, 112, 43, '0.50', '4', '2.00'),
(220, 141, 43, '0.50', '2', '1.00'),
(221, 142, 44, '2.00', '2', '4.00'),
(222, 62, 45, '2.50', '2', '5.00'),
(223, 4, 45, '1.00', '2', '2.00'),
(224, 19, 45, '1.50', '1', '1.50'),
(225, 139, 45, '0.15', '1', '0.15'),
(226, 61, 45, '0.25', '1', '0.25'),
(227, 128, 45, '1.00', '3', '3.00'),
(228, 143, 45, '0.75', '1', '0.75'),
(229, 55, 46, '0.10', '2', '0.20'),
(230, 40, 46, '0.10', '2', '0.20'),
(231, 144, 46, '1.00', '1', '1.00'),
(232, 36, 47, '1.00', '1', '1.00'),
(233, 82, 47, '2.95', '1', '2.95'),
(234, 1, 47, '0.20', '5', '1.00'),
(235, 6, 47, '0.20', '3', '0.60'),
(236, 22, 47, '1.00', '1', '1.00'),
(237, 31, 47, '0.40', '1', '0.40'),
(238, 123, 47, '0.50', '1', '0.50'),
(239, 124, 47, '0.35', '1', '0.35'),
(240, 57, 48, '3.75', '1', '3.75'),
(241, 145, 49, '3.95', '', '3.95'),
(242, 41, 50, '0.40', '1', '0.40'),
(243, 18, 50, '1.00', '1', '1.00'),
(244, 6, 50, '0.20', '3', '0.60'),
(245, 55, 50, '0.10', '1', '0.10'),
(246, 2, 51, '1.60', '50', '80.00'),
(247, 117, 52, '4.25', '1', '4.25'),
(248, 118, 52, '4.25', '1', '4.25'),
(249, 57, 52, '3.75', '1', '3.75'),
(250, 116, 52, '1.00', '4', '4.00'),
(251, 62, 53, '2.50', '1', '2.50'),
(252, 128, 54, '1.00', '9', '9.00'),
(253, 126, 54, '0.85', '2', '1.70'),
(254, 6, 54, '0.15', '24', '3.60'),
(255, 123, 54, '0.50', '1', '0.50'),
(256, 143, 54, '0.75', '1', '0.75'),
(257, 31, 54, '0.40', '1', '0.40'),
(258, 13, 54, '1.50', '1', '1.50'),
(259, 14, 54, '1.50', '1', '1.50'),
(260, 2, 54, '1.80', '2', '3.60'),
(261, 61, 54, '0.25', '6', '1.50'),
(262, 112, 54, '0.50', '3', '1.50'),
(263, 114, 54, '0.98', '2', '1.96'),
(264, 55, 55, '0.07', '25', '1.75'),
(265, 40, 55, '0.10', '5', '0.50'),
(266, 126, 56, '0.57', '60', '34.20'),
(267, 120, 56, '0.46', '25', '11.50'),
(268, 151, 56, '0.46', '25', '11.50'),
(269, 150, 56, '0.60', '9', '5.40'),
(270, 122, 56, '0.29', '25', '7.25'),
(271, 137, 56, '2.50', '3', '7.50'),
(272, 31, 56, '0.25', '24', '6.00'),
(273, 128, 57, '1.00', '4', '4.00'),
(274, 126, 57, '0.85', '2', '1.70'),
(275, 1, 57, '0.20', '2', '0.40'),
(276, 6, 57, '0.20', '2', '0.40'),
(277, 62, 58, '2.50', '1', '2.50'),
(278, 114, 59, '0.98', '1', '0.98'),
(279, 126, 59, '0.85', '2', '1.70'),
(280, 125, 59, '0.85', '1', '0.85'),
(281, 1, 59, '0.20', '5', '1.00'),
(282, 155, 59, '1.75', '1', '1.75'),
(283, 89, 60, '5.95', '1', '5.95'),
(284, 62, 61, '2.50', '1', '2.50'),
(285, 93, 62, '2.00', '1', '2.00'),
(286, 61, 62, '0.25', '1', '0.25'),
(287, 55, 62, '0.10', '1', '0.10'),
(288, 69, 62, '0.25', '2', '0.50'),
(289, 150, 63, '0.60', '2', '1.20'),
(290, 120, 63, '0.60', '2', '1.20'),
(291, 152, 63, '0.60', '2', '1.20'),
(292, 5, 63, '0.50', '4', '2.00'),
(293, 6, 63, '0.20', '3', '0.60'),
(294, 123, 63, '0.50', '3', '1.50'),
(295, 145, 63, '3.95', '1', '3.95'),
(296, 139, 63, '0.15', '3', '0.45'),
(297, 152, 64, '0.60', '1', '0.60'),
(298, 150, 64, '0.60', '2', '1.20'),
(299, 16, 64, '3.25', '1', '3.25'),
(300, 112, 64, '0.50', '1', '0.50'),
(301, 143, 64, '0.75', '1', '0.75'),
(302, 62, 65, '2.50', '1', '2.50'),
(303, 145, 66, '3.95', '1', '3.95'),
(304, 1, 66, '0.20', '2', '0.40'),
(305, 6, 66, '0.20', '2', '0.40'),
(306, 41, 67, '0.40', '1', '0.40'),
(307, 145, 67, '3.95', '1', '3.95'),
(308, 1, 67, '0.20', '1', '0.20'),
(309, 120, 67, '0.60', '1', '0.60'),
(310, 139, 67, '0.15', '1', '0.15'),
(311, 6, 67, '0.20', '1', '0.20'),
(312, 114, 67, '0.98', '1', '0.98'),
(313, 124, 67, '0.35', '1', '0.35'),
(314, 156, 67, '0.35', '1', '0.35'),
(315, 86, 68, '5.75', '1', '5.75'),
(316, 135, 69, '3.25', '1', '3.25'),
(317, 147, 70, '0.96', '4', '3.84'),
(318, 119, 71, '0.75', '4', '3.00'),
(319, 147, 71, '0.96', '1', '0.96'),
(320, 149, 71, '0.96', '1', '0.96'),
(321, 6, 71, '0.15', '12', '1.80'),
(322, 123, 71, '0.50', '1', '0.50'),
(323, 31, 71, '0.35', '1', '0.35'),
(324, 1, 71, '0.20', '3', '0.60'),
(325, 9, 71, '1.10', '2', '2.20'),
(326, 82, 71, '2.95', '1', '2.95'),
(327, 61, 71, '0.25', '8', '2.00'),
(328, 82, 72, '2.95', '1', '2.95'),
(329, 13, 72, '1.50', '1', '1.50'),
(330, 1, 72, '0.20', '3', '0.60'),
(331, 9, 72, '1.10', '2', '2.20'),
(332, 31, 72, '0.35', '1', '0.35'),
(333, 123, 72, '0.50', '1', '0.50'),
(334, 28, 72, '0.95', '1', '0.95'),
(335, 119, 72, '0.75', '4', '3.00'),
(336, 147, 72, '0.96', '1', '0.96'),
(337, 149, 72, '0.96', '1', '0.96'),
(338, 124, 73, '0.35', '2', '0.70'),
(339, 120, 73, '0.45', '25', '11.25'),
(340, 56, 74, '4.95', '1', '4.95'),
(341, 57, 75, '3.75', '1', '3.75'),
(342, 140, 75, '1.50', '1', '1.50'),
(343, 131, 75, '1.50', '2', '3.00'),
(344, 130, 75, '1.50', '5', '7.50'),
(345, 1, 75, '0.20', '7', '1.40'),
(346, 157, 75, '2.50', '1', '2.50'),
(347, 141, 75, '0.50', '1', '0.50'),
(348, 61, 75, '0.25', '1', '0.25'),
(349, 61, 77, '0.25', '4', '1.00'),
(350, 62, 77, '2.50', '1', '2.50'),
(351, 63, 78, '1.25', '1', '1.25'),
(352, 64, 78, '1.50', '1', '1.50'),
(353, 1, 78, '0.20', '2', '0.40'),
(354, 124, 79, '0.35', '3', '1.05'),
(355, 158, 79, '1.25', '1', '1.25'),
(356, 1, 79, '0.20', '1', '0.20'),
(357, 131, 79, '1.50', '1', '1.50'),
(358, 130, 79, '1.50', '2', '3.00'),
(359, 62, 80, '2.50', '1', '2.50'),
(360, 61, 80, '0.25', '1', '0.25'),
(361, 141, 80, '0.50', '1', '0.50'),
(362, 119, 80, '0.75', '1', '0.75'),
(363, 130, 80, '1.50', '1', '1.50'),
(364, 157, 80, '2.50', '4', '10.00'),
(365, 63, 80, '1.25', '2', '2.50'),
(366, 112, 81, '0.50', '4', '2.00'),
(367, 141, 81, '0.50', '1', '0.50'),
(368, 62, 81, '2.50', '1', '2.50'),
(369, 61, 81, '0.25', '2', '0.50'),
(370, 117, 82, '4.25', '5', '21.25'),
(371, 118, 82, '4.25', '1', '4.25'),
(372, 5, 82, '0.50', '2', '1.00'),
(373, 3, 82, '2.40', '1', '2.40'),
(374, 122, 83, '0.35', '1', '0.35'),
(375, 1, 83, '0.20', '3', '0.60'),
(376, 128, 83, '1.00', '1', '1.00'),
(377, 120, 83, '0.60', '2', '1.20'),
(378, 6, 83, '0.20', '2', '0.40'),
(379, 139, 83, '0.15', '1', '0.15'),
(380, 57, 84, '3.75', '1', '3.75'),
(381, 64, 85, '1.50', '1', '1.50'),
(382, 126, 85, '0.85', '1', '0.85'),
(383, 142, 85, '2.00', '1', '2.00'),
(384, 128, 85, '1.00', '-1', '1.00'),
(385, 120, 86, '0.60', '2', '1.20'),
(386, 150, 86, '0.60', '1', '0.60'),
(387, 152, 86, '0.60', '1', '0.60'),
(388, 157, 86, '2.50', '1', '2.50'),
(389, 1, 86, '0.20', '2', '0.40'),
(390, 62, 87, '2.50', '2', '5.00'),
(391, 124, 87, '0.35', '4', '1.40'),
(392, 152, 88, '0.60', '1', '0.60'),
(393, 159, 88, '0.25', '2', '0.50'),
(394, 126, 89, '0.85', '10', '8.50'),
(395, 125, 89, '', '20', '0.00'),
(396, 120, 89, '0.52', '20', '10.40'),
(397, 151, 89, '0.60', '3', '1.80'),
(398, 67, 89, '0.125', '25', '3.13'),
(399, 146, 89, '0.96', '6', '5.76'),
(400, 7, 89, '13.95', '2', '27.90'),
(401, 61, 89, '0.15', '25', '3.75'),
(402, 62, 90, '2.50', '2', '5.00'),
(403, 126, 90, '0.85', '2', '1.70'),
(404, 116, 90, '1.00', '2', '2.00'),
(405, 124, 90, '0.35', '2', '0.70'),
(406, 159, 90, '0.25', '2', '0.50'),
(407, 62, 91, '2.50', '2', '5.00'),
(408, 61, 91, '0.25', '8', '2.00'),
(409, 32, 91, '1.50', '1', '1.50'),
(410, 141, 91, '0.50', '1', '0.50'),
(411, 22, 91, '1.00', '1', '1.00'),
(412, 77, 93, '0.10', '1', '0.10'),
(413, 1, 93, '0.20', '3', '0.60'),
(414, 62, 93, '2.50', '3', '7.50'),
(415, 124, 93, '0.35', '2', '0.70'),
(416, 159, 93, '0.25', '2', '0.50'),
(417, 12, 94, '11.99', '', '11.99'),
(418, 135, 95, '3.25', '1', '3.25'),
(419, 112, 95, '0.50', '4', '2.00'),
(420, 126, 95, '0.85', '1', '0.85'),
(421, 26, 95, '1.25', '1', '1.25'),
(422, 159, 95, '0.25', '2', '0.50'),
(423, 130, 95, '1.50', '1', '1.50'),
(424, 150, 96, '0.60', '2', '1.20'),
(425, 151, 96, '0.60', '2', '1.20'),
(426, 147, 96, '0.96', '1', '0.96'),
(427, 62, 96, '2.50', '1', '2.50'),
(428, 146, 97, '0.96', '1', '0.96'),
(429, 149, 97, '0.96', '1', '0.96'),
(430, 141, 97, '0.50', '1', '0.50'),
(431, 62, 98, '2.50', '1', '2.50'),
(432, 120, 98, '0.60', '1', '0.60'),
(433, 152, 98, '0.60', '1', '0.60'),
(434, 156, 98, '0.35', '1', '0.35'),
(435, 22, 99, '1.00', '1', '1.00'),
(436, 120, 99, '0.60', '1', '0.60'),
(437, 26, 99, '1.25', '1', '1.25'),
(438, 22, 100, '1.00', '1', '1.00'),
(439, 120, 100, '0.60', '1', '0.60'),
(440, 26, 100, '1.25', '1', '1.25'),
(441, 149, 101, '0.96', '2', '1.92'),
(442, 146, 101, '0.96', '2', '1.92'),
(443, 19, 101, '1.50', '1', '1.50'),
(444, 160, 102, '3.50', '1', '3.04'),
(445, 122, 103, '0.35', '1', '0.35'),
(446, 79, 103, '0.05', '5', '0.25'),
(447, 128, 103, '1.00', '2', '2.00'),
(448, 81, 103, '2.75', '1', '2.75'),
(449, 36, 103, '1.00', '1', '1.00'),
(450, 123, 103, '0.50', '1', '0.50'),
(451, 6, 103, '0.20', '1', '0.20'),
(452, 161, 104, '1.50', '2', '3.00'),
(453, 142, 104, '2.00', '2', '4.00'),
(454, 86, 104, '5.75', '1', '5.75'),
(455, 22, 104, '1.00', '1', '1.00'),
(456, 114, 104, '0.98', '1', '0.98'),
(457, 145, 105, '3.95', '1', '3.95'),
(458, 9, 106, '1.10', '2', '2.20'),
(459, 141, 106, '0.50', '1', '0.50'),
(460, 61, 107, '0.25', '9', '2.25'),
(461, 62, 107, '2.50', '1', '2.50'),
(462, 87, 108, '5.85', '1', '5.85'),
(463, 82, 109, '2.95', '1', '2.95'),
(464, 87, 109, '5.85', '1', '5.85'),
(465, 61, 109, '0.25', '2', '0.50'),
(466, 88, 110, '5.95', '', '5.95'),
(467, 156, 110, '0.35', '', '0.35'),
(468, 88, 111, '5.95', '', '5.95'),
(469, 156, 111, '0.35', '', '0.35'),
(470, 55, 112, '0.07', '25', '1.75'),
(471, 86, 113, '5.75', '1', '5.75'),
(472, 85, 114, '5.65', '', '5.65'),
(473, 1, 115, '0.20', '1', '0.20'),
(474, 145, 115, '3.95', '1', '3.95'),
(475, 130, 115, '1.50', '1', '1.50'),
(476, 142, 116, '2.00', '2', '4.00'),
(477, 63, 117, '1.25', '1', '1.25'),
(478, 64, 117, '1.50', '6', '9.00'),
(479, 67, 118, '0.25', '1', '0.25'),
(480, 61, 118, '0.25', '1', '0.25'),
(481, 114, 118, '0.98', '1', '0.98'),
(482, 65, 118, '0.80', '1', '0.80'),
(483, 1, 118, '0.20', '1', '0.20'),
(484, 18, 119, '1.00', '', '1.00'),
(485, 62, 120, '2.50', '2', '5.00'),
(486, 108, 121, '0.10', '4', '0.40'),
(487, 24, 121, '0.50', '2', '1.00'),
(488, 141, 121, '0.50', '1', '0.50'),
(489, 32, 121, '1.50', '1', '1.50'),
(490, 107, 121, '0.35', '2', '0.70'),
(491, 67, 121, '0.25', '3', '0.75'),
(492, 116, 121, '1.00', '1', '1.00'),
(493, 61, 121, '0.25', '3', '0.75'),
(494, 28, 121, '0.95', '1', '0.95'),
(495, 164, 121, '1.75', '1', '1.75'),
(496, 149, 121, '0.96', '2', '1.92'),
(497, 34, 122, '1.35', '', '1.35'),
(498, 26, 123, '1.25', '1', '1.25'),
(499, 107, 123, '0.35', '3', '1.05'),
(500, 17, 123, '1.00', '2', '2.00'),
(501, 41, 123, '0.40', '1', '0.40'),
(502, 116, 123, '1.00', '1', '1.00'),
(503, 152, 123, '0.60', '1', '0.60'),
(504, 122, 123, '0.35', '1', '0.35'),
(505, 120, 123, '0.60', '5', '3.00'),
(506, 61, 123, '0.25', '8', '2.00'),
(507, 112, 123, '0.50', '3', '1.50'),
(508, 36, 124, '1.00', '2', '2.00'),
(509, 145, 125, '3.95', '1', '3.95'),
(510, 165, 125, '5.95', '1', '5.95'),
(511, 35, 126, '0.25', '1', '0.25'),
(512, 6, 126, '0.20', '1', '0.20'),
(513, 62, 126, '2.50', '1', '2.50'),
(514, 61, 127, '0.25', '6', '1.50'),
(515, 9, 127, '1.10', '1', '1.10'),
(516, 116, 127, '1.00', '1', '1.00'),
(517, 41, 127, '0.40', '1', '0.40'),
(518, 124, 127, '0.35', '1', '0.35'),
(519, 166, 128, '2.00', '1', '2.00'),
(520, 167, 129, '18.00', '1', '18.00'),
(521, 4, 130, '1.00', '3', '3.00'),
(522, 1, 130, '0.20', '6', '1.20'),
(523, 120, 130, '0.60', '1', '0.60'),
(524, 128, 130, '1.00', '1', '1.00'),
(525, 1, 131, '0.20', '1', '0.20'),
(526, 55, 131, '0.10', '2', '0.20'),
(527, 124, 131, '0.35', '1', '0.35'),
(528, 152, 131, '0.60', '1', '0.60'),
(529, 73, 132, '10.00', '1', '10.00'),
(530, 71, 132, '0.30', '3', '0.90'),
(531, 159, 135, '0.25', '2', '0.50'),
(532, 124, 135, '0.35', '4', '1.40'),
(533, 86, 135, '5.75', '1', '5.75'),
(534, 53, 136, '0.25', '2', '0.50'),
(535, 41, 136, '0.40', '2', '0.80'),
(536, 18, 136, '1.00', '1', '1.00'),
(537, 61, 136, '0.25', '3', '0.75'),
(538, 107, 136, '0.35', '1', '0.35'),
(539, 112, 136, '0.50', '2', '1.00'),
(540, 27, 136, '1.25', '1', '1.25'),
(541, 159, 136, '0.25', '1', '0.25'),
(542, 149, 136, '0.96', '1', '0.96'),
(543, 148, 136, '0.96', '1', '0.96'),
(544, 150, 136, '0.60', '1', '0.60'),
(545, 84, 136, '1.50', '2', '3.00'),
(546, 141, 137, '0.50', '1', '0.50'),
(547, 27, 138, '1.25', '', '1.25'),
(548, 125, 138, '0.85', '', '0.85'),
(549, 71, 139, '0.30', '3', '0.90'),
(550, 81, 139, '2.75', '1', '2.75'),
(551, 128, 139, '1.00', '1', '1.00'),
(552, 61, 139, '0.25', '4', '1.00'),
(553, 116, 139, '1.00', '1', '1.00'),
(554, 9, 139, '1.10', '1', '1.10'),
(555, 140, 140, '1.50', '1', '1.50'),
(556, 148, 140, '0.96', '1', '0.96'),
(557, 106, 140, '0.50', '1', '0.50'),
(558, 152, 140, '0.60', '1', '0.60'),
(559, 27, 141, '1.25', '2', '2.50'),
(560, 122, 141, '0.35', '1', '0.35'),
(561, 6, 141, '0.20', '1', '0.20'),
(562, 169, 141, '0.25', '1', '0.25'),
(563, 114, 141, '0.98', '1', '0.98'),
(564, 168, 141, '1.00', '1', '1.00'),
(565, 87, 142, '5.85', '1', '5.85'),
(566, 105, 143, '0.50', '1', '0.50'),
(567, 1, 143, '0.20', '2', '0.40'),
(568, 55, 143, '0.10', '2', '0.20'),
(569, 62, 143, '2.50', '1', '2.50'),
(570, 61, 143, '0.25', '2', '0.50'),
(571, 141, 143, '0.50', '2', '1.00'),
(572, 159, 143, '0.25', '5', '1.25'),
(573, 44, 143, '0.35', '1', '0.35'),
(574, 170, 143, '3.00', '1', '3.00'),
(575, 112, 143, '0.50', '2', '1.00'),
(576, 89, 145, '5.95', '1', '5.95'),
(577, 62, 146, '2.50', '1', '2.50'),
(578, 141, 147, '0.50', '2', '1.00'),
(579, 9, 147, '1.10', '2', '2.20'),
(580, 41, 147, '0.40', '1', '0.40'),
(581, 116, 147, '1.00', '1', '1.00'),
(582, 61, 147, '0.25', '7', '1.75'),
(583, 22, 147, '1.00', '1', '1.00'),
(584, 66, 147, '1.50', '1', '1.50'),
(585, 124, 147, '0.35', '2', '0.70'),
(586, 62, 148, '2.50', '2', '5.00'),
(587, 59, 149, '0.25', '1', '0.25'),
(588, 38, 149, '1.25', '1', '1.25'),
(589, 5, 149, '0.50', '2', '1.00'),
(590, 1, 149, '0.20', '2', '0.40'),
(591, 35, 149, '0.25', '1', '0.25'),
(592, 124, 149, '0.35', '2', '0.70'),
(593, 1, 150, '0.20', '4', '0.80'),
(594, 123, 150, '0.50', '1', '0.50'),
(595, 139, 150, '0.15', '1', '0.15'),
(596, 79, 150, '0.04', '25', '1.00'),
(597, 4, 150, '1.00', '3', '3.00'),
(598, 61, 150, '0.25', '2', '0.50'),
(599, 57, 151, '3.75', '2', '7.50'),
(600, 125, 152, '0.85', '1', '0.85'),
(601, 114, 152, '0.98', '1', '0.98'),
(602, 112, 152, '0.50', '5', '2.50'),
(603, 67, 152, '0.25', '2', '0.50'),
(604, 124, 152, '0.35', '2', '0.70'),
(605, 61, 152, '0.25', '5', '1.25'),
(606, 107, 152, '0.35', '3', '1.05'),
(607, 25, 152, '2.50', '1', '2.50'),
(608, 123, 152, '0.50', '1', '0.50'),
(609, 108, 152, '0.10', '2', '0.20'),
(610, 116, 152, '1.00', '1', '1.00'),
(611, 41, 152, '0.40', '1', '0.40'),
(612, 135, 153, '3.25', '1', '3.25'),
(613, 116, 153, '1.00', '', '1.00'),
(614, 57, 154, '3.75', '1', '3.75'),
(615, 54, 154, '10.00', '2', '20.00'),
(616, 56, 154, '4.95', '1', '4.95'),
(617, 7, 154, '13.95', '2', '27.90'),
(618, 61, 154, '0.15', '25', '3.75'),
(619, 112, 155, '0.50', '2', '1.00'),
(620, 6, 155, '0.15', '12', '1.80'),
(621, 139, 155, '0.15', '6', '0.90'),
(622, 61, 155, '0.25', '3', '0.75'),
(623, 141, 156, '0.50', '2', '1.00'),
(624, 144, 156, '1.00', '1', '1.00'),
(625, 112, 157, '0.50', '2', '1.00'),
(626, 6, 157, '0.15', '12', '1.80'),
(627, 139, 157, '0.15', '6', '0.90'),
(628, 61, 157, '0.25', '3', '0.75'),
(629, 6, 159, '0.20', '2', '0.40'),
(630, 54, 160, '8.50', '18', '153.00'),
(631, 53, 161, '0.25', '3', '0.75'),
(632, 122, 161, '0.35', '1', '0.35'),
(633, 61, 161, '0.25', '1', '0.25'),
(634, 176, 161, '0.35', '4', '1.40'),
(635, 119, 161, '0.75', '1', '0.75'),
(636, 125, 161, '0.85', '1', '0.85'),
(637, 53, 162, '0.25', '2', '0.50'),
(638, 40, 162, '0.10', '2', '0.20'),
(639, 164, 162, '1.00', '1', '1.00'),
(640, 164, 163, '1.00', '1', '1.00'),
(641, 6, 163, '0.20', '2', '0.40'),
(642, 1, 163, '0.20', '4', '0.80'),
(643, 31, 163, '0.35', '1', '0.35'),
(644, 123, 163, '0.50', '1', '0.50'),
(645, 16, 163, '3.25', '1', '3.25'),
(646, 84, 163, '1.50', '1', '1.50'),
(647, 148, 163, '0.96', '1', '0.96'),
(648, 149, 163, '0.96', '1', '0.96'),
(649, 112, 163, '0.50', '1', '0.50'),
(650, 57, 163, '3.50', '1', '3.50'),
(651, 61, 164, '0.25', '3', '0.75'),
(652, 112, 164, '0.50', '2', '1.00'),
(653, 98, 164, '1.25', '6', '7.50'),
(654, 124, 164, '0.35', '6', '2.10'),
(655, 159, 164, '0.25', '6', '0.25'),
(656, 61, 165, '0.25', '3', '0.75'),
(657, 61, 166, '0.25', '3', '0.75'),
(658, 112, 166, '0.50', '2', '1.00'),
(659, 98, 166, '1.25', '6', '7.50'),
(660, 159, 166, '0.25', '6', '1.50'),
(661, 124, 166, '0.35', '6', '2.10'),
(662, 112, 166, '0.50', '1', '0.50'),
(663, 41, 166, '0.40', '1', '0.40'),
(664, 61, 166, '0.25', '3', '0.75'),
(665, 150, 167, '0.60', '2', '1.20'),
(666, 151, 167, '0.60', '1', '0.60'),
(667, 120, 167, '0.60', '1', '0.60'),
(668, 18, 167, '1.00', '1', '1.00'),
(669, 143, 167, '0.75', '1', '0.75'),
(670, 164, 167, '1.00', '1', '1.00'),
(671, 19, 168, '1.50', '1', '1.50'),
(672, 57, 168, '3.50', '1', '3.50'),
(673, 41, 168, '0.40', '1', '0.40'),
(674, 125, 169, '0.85', '1', '0.85'),
(675, 55, 169, '0.10', '1', '0.10'),
(676, 124, 169, '0.35', '6', '2.10'),
(677, 159, 169, '0.25', '1', '0.25'),
(678, 66, 169, '1.50', '2', '3.00'),
(679, 63, 169, '1.25', '1', '1.25'),
(680, 27, 169, '0.75', '1', '0.75'),
(681, 57, 169, '3.50', '2', '7.00'),
(682, 114, 170, '0.98', '3', '2.94'),
(683, 57, 171, '3.50', '1', '3.50'),
(684, 76, 172, '4.50', '1', '4.50'),
(685, 12, 173, '11.99', '1', '11.99'),
(686, 12, 174, '11.99', '1', '11.99');

-- --------------------------------------------------------

--
-- Estructura de tabla para la tabla `detalle_venta_servicio`
--

CREATE TABLE `detalle_venta_servicio` (
  `id` int(11) NOT NULL,
  `servicio_id` int(11) NOT NULL,
  `venta_id` int(11) NOT NULL,
  `precio` float NOT NULL,
  `cantidad` float NOT NULL,
  `importe` float NOT NULL
) ENGINE=InnoDB DEFAULT CHARSET=utf8 COLLATE=utf8_spanish2_ci;

--
-- Volcado de datos para la tabla `detalle_venta_servicio`
--

INSERT INTO `detalle_venta_servicio` (`id`, `servicio_id`, `venta_id`, `precio`, `cantidad`, `importe`) VALUES
(1, 4, 31, 4, 3, 12),
(2, 1, 32, 1, 3, 3),
(3, 1, 33, 1, 7, 7),
(4, 1, 34, 0.2, 3, 0.2),
(5, 1, 35, 0.2, 3, 0.2),
(6, 3, 36, 5, 25, 108.75),
(7, 5, 36, 0.95, 22, 18.18),
(8, 7, 37, 46, 4, 184),
(9, 4, 38, 4, 8, 32),
(10, 1, 39, 1, 2, 4),
(11, 3, 39, 5, 4, 20),
(12, 3, 40, 5, 9, 45),
(13, 4, 40, 4, 4, 16),
(14, 1, 41, 1, 3, 3),
(15, 1, 41, 0.2, 3, 0.6),
(16, 1, 42, 1, 4, 4),
(17, 1, 43, 1, 8, 8),
(18, 1, 48, 1, 1, 3),
(19, 2, 39, 0.05, 24, 1.2),
(20, 6, 39, 0.075, 1, 0.07),
(21, 7, 39, 0.25, 10, 2.5),
(22, 2, 39, 0.05, 9, 0.45),
(23, 7, 76, 0.25, 5, 1.25),
(24, 3, 133, 0.2, 2, 0.4),
(25, 4, 134, 2, 1, 2),
(26, 4, 144, 2, 0, 2),
(27, 6, 158, 0.075, 2, 0.15);

-- --------------------------------------------------------

--
-- Estructura de tabla para la tabla `eventos`
--

CREATE TABLE `eventos` (
  `id_evento` int(11) NOT NULL,
  `nombre` varchar(50) NOT NULL,
  `fecha_i` datetime NOT NULL,
  `fecha_f` datetime NOT NULL
) ENGINE=InnoDB DEFAULT CHARSET=latin1;

-- --------------------------------------------------------

--
-- Estructura de tabla para la tabla `marca`
--

CREATE TABLE `marca` (
  `id_marca` int(11) NOT NULL,
  `nombre` varchar(100) NOT NULL,
  `estado` tinyint(4) NOT NULL
) ENGINE=InnoDB DEFAULT CHARSET=latin1;

--
-- Volcado de datos para la tabla `marca`
--

INSERT INTO `marca` (`id_marca`, `nombre`, `estado`) VALUES
(1, 'Pelikan', 1),
(2, 'Bic', 1),
(3, 'varios', 1),
(4, 'Facela', 1),
(5, 'Artline', 1),
(6, 'Studmark', 1),
(7, 'Norma', 1),
(8, 'Scribe', 1),
(9, 'Bexcelent', 1),
(10, 'Pacasa', 1),
(11, 'Balboa', 1),
(12, 'Frixion', 0),
(13, 'Pilot', 1),
(14, 'Crayola', 1),
(15, 'Falcon', 1),
(16, 'Stainless', 1),
(17, 'Abro', 1),
(18, 'TUUCH', 1),
(19, 'Maped', 1),
(20, 'Greka', 1),
(21, 'Mercury', 1),
(22, 'Omega', 1);

-- --------------------------------------------------------

--
-- Estructura de tabla para la tabla `menus`
--

CREATE TABLE `menus` (
  `id` int(11) NOT NULL,
  `nombre` varchar(50) COLLATE utf8_spanish_ci NOT NULL,
  `link` varchar(50) COLLATE utf8_spanish_ci NOT NULL
) ENGINE=InnoDB DEFAULT CHARSET=utf8 COLLATE=utf8_spanish_ci;

--
-- Volcado de datos para la tabla `menus`
--

INSERT INTO `menus` (`id`, `nombre`, `link`) VALUES
(1, 'Inicio', 'dashboard'),
(2, 'Categorias', 'mantenimiento/categorias'),
(3, 'Productos', 'mantenimiento/productos'),
(7, 'Clientes', 'mantenimiento/clientes'),
(8, 'Usuario', 'mantenimiento/Usuarios'),
(9, 'Realizar Venta', 'movimientos/ventas/add'),
(10, 'Registro de Ventas', 'movimientos/ventas'),
(11, 'Reabastecer', 'movimientos/reabastecer/add'),
(12, 'Reabastecimientos', 'movimientos/reabastecer'),
(13, 'Vendedores', 'mantenimiento/Vendedores'),
(14, 'Permisos', 'mantenimiento/permisos');

-- --------------------------------------------------------

--
-- Estructura de tabla para la tabla `permisos`
--

CREATE TABLE `permisos` (
  `id` int(11) NOT NULL,
  `menu_id` int(11) NOT NULL,
  `rol_id` int(11) NOT NULL,
  `read` varchar(40) COLLATE utf8_spanish_ci NOT NULL,
  `insert` varchar(40) COLLATE utf8_spanish_ci NOT NULL,
  `update` varchar(40) COLLATE utf8_spanish_ci NOT NULL,
  `delete` varchar(40) COLLATE utf8_spanish_ci NOT NULL,
  `estado` int(2) NOT NULL
) ENGINE=InnoDB DEFAULT CHARSET=utf8 COLLATE=utf8_spanish_ci;

--
-- Volcado de datos para la tabla `permisos`
--

INSERT INTO `permisos` (`id`, `menu_id`, `rol_id`, `read`, `insert`, `update`, `delete`, `estado`) VALUES
(1, 2, 1, '1', '1', '1', '1', 1),
(2, 3, 1, '1', '1', '1', '1', 1),
(3, 4, 1, '1', '1', '1', '1', 1),
(4, 5, 1, '1', '1', '1', '1', 1),
(5, 6, 1, '1', '1', '1', '1', 1),
(6, 7, 1, '1', '1', '1', '1', 1),
(7, 8, 1, '1', '1', '1', '1', 1),
(8, 9, 1, '1', '1', '1', '1', 1),
(9, 10, 1, '1', '1', '1', '1', 1),
(10, 11, 1, '1', '1', '1', '1', 1),
(11, 12, 1, '1', '1', '1', '1', 1),
(12, 13, 1, '1', '1', '1', '1', 1),
(13, 15, 1, '1', '1', '1', '1', 1),
(14, 14, 1, '1', '1', '1', '1', 1),
(15, 2, 3, '0', '0', '0', '0', 1),
(16, 3, 3, '0', '0', '0', '0', 1),
(17, 4, 3, '1', '1', '0', '0', 1),
(20, 5, 3, '1', '1', '0', '0', 1),
(21, 6, 3, '1', '1', '0', '0', 1),
(22, 7, 3, '1', '1', '0', '0', 1),
(23, 8, 3, '0', '0', '0', '0', 1),
(24, 9, 3, '1', '1', '0', '0', 1),
(25, 10, 3, '1', '1', '0', '0', 1),
(26, 11, 3, '1', '1', '0', '0', 1),
(27, 12, 3, '1', '1', '0', '0', 1),
(28, 13, 3, '1', '0', '0', '0', 1),
(29, 14, 3, '0', '0', '0', '0', 1),
(30, 15, 3, '1', '1', '1', '0', 1);

-- --------------------------------------------------------

--
-- Estructura de tabla para la tabla `productos`
--

CREATE TABLE `productos` (
  `id` int(11) NOT NULL,
  `codigo` varchar(10) COLLATE utf8_spanish2_ci NOT NULL,
  `nombre` varchar(45) COLLATE utf8_spanish2_ci DEFAULT NULL,
  `id_presentacion` int(11) NOT NULL,
  `descripcion` varchar(100) COLLATE utf8_spanish2_ci DEFAULT NULL,
  `id_marca` int(11) DEFAULT NULL,
  `id_proveedor` int(11) DEFAULT NULL,
  `precio_entrada` varchar(10) COLLATE utf8_spanish2_ci DEFAULT NULL,
  `precio` varchar(45) COLLATE utf8_spanish2_ci DEFAULT NULL,
  `precio_mayoreo1` varchar(10) COLLATE utf8_spanish2_ci DEFAULT NULL,
  `precio_mayoreo2` varchar(10) COLLATE utf8_spanish2_ci DEFAULT NULL,
  `stock` int(11) DEFAULT NULL,
  `categoria_id` int(11) DEFAULT NULL,
  `fecha_i` date NOT NULL,
  `estado` tinyint(1) DEFAULT NULL
) ENGINE=InnoDB DEFAULT CHARSET=utf8 COLLATE=utf8_spanish2_ci;

--
-- Volcado de datos para la tabla `productos`
--

INSERT INTO `productos` (`id`, `codigo`, `nombre`, `id_presentacion`, `descripcion`, `id_marca`, `id_proveedor`, `precio_entrada`, `precio`, `precio_mayoreo1`, `precio_mayoreo2`, `stock`, `categoria_id`, `fecha_i`, `estado`) VALUES
(1, 'Bb01', 'Boligrafo Bic', 5, 'Boligrafo', 2, 5, '0.11', '0.20', '0.15', '0.15', 45, 1, '0000-00-00', 1),
(2, 'Bb02', 'Boligrafo Bic', 1, 'Boligrafo caja', 2, 5, '1.36', '1.80', '1.60', '1.60', 67, 1, '0000-00-00', 1),
(3, 'Bp01', 'Boligrafo con borrador frixion', 5, 'Boligrafo pilot', 13, 5, '1.60', '2.40', '2.10', '1.95', 64, 1, '0000-00-00', 1),
(4, 'Bz01', 'Boligrafo Zebra', 5, 'Boligrafo zebra', 3, 5, '0.65', '1.00', '0.90', '0.80', 95, 1, '0000-00-00', 1),
(5, 'Bm01', 'Boligrafo Monami', 5, 'Boligrafo', 3, 3, '0.3130', '0.50', '0.40', '0.40', 116, 1, '0000-00-00', 1),
(6, 'Lf01', 'Lapiz de carbon Facela', 5, 'Lapiz', 4, 5, '0.0756', '0.20', '0.15', '0.12', 24, 1, '0000-00-00', 1),
(7, 'Lf02', 'Lapiz de carbon Facela', 3, 'Lapiz gruesas', 4, 5, '10.8864', '13.95', '13.95', '13.95', 6, 1, '0000-00-00', 1),
(8, 'Pa01', 'Plumon 90', 5, 'Plumon', 5, 3, '0.65', '0.98', '.0.75', '0.75', 71, 1, '0000-00-00', 0),
(9, 'Pa02', 'Plumon 509', 5, 'Plumon pizarra', 5, 3, '0.80', '1.10', '0.95', '0.95', 24, 1, '0000-00-00', 1),
(10, 'Pa03', 'Plumon 509', 1, 'Plumon pizarra', 5, 5, '9.60', '11.40', '11.40', '11.40', 3, 1, '0000-00-00', 1),
(11, 'Rp01', 'Repuesto de Parker', 5, 'Repuesto de boligrafo', 3, 3, '0.50', '2.50', '2.00', '2.00', 24, 1, '0000-00-00', 1),
(12, 'Cc01', 'Calculadora Cientifica', 5, 'Calculadora', 3, 3, '9.00', '11.99', '9.50', '9.50', 7, 1, '0000-00-00', 1),
(13, 'Pf01', 'Pilot Punto Fino Facela', 5, 'Plumon fino', 4, 5, '', '1.50', '', '', 21, 1, '0000-00-00', 1),
(14, 'Eg01', 'Estuche geometria + compás 20cm', 5, 'Estuche geometria', 3, 3, '', '1.50', '', '', 18, 1, '0000-00-00', 1),
(15, 'Pd01', 'Pintura de Dedo Pelikan', 5, 'Pintura de dedo', 1, 1, '', '3.25', '', '', 3, 1, '0000-00-00', 1),
(16, 'cc02', 'Crayola Crayola', 5, 'Crayola', 14, 5, '', '3.25', '', '', 5, 1, '0000-00-00', 1),
(17, 'Lc01', 'Lapiz de color Falcon', 5, 'Lapiz de color', 15, 5, '', '1.00', '', '', 3, 1, '0000-00-00', 1),
(18, 'Ld01', 'Libreta de dibujo T/C', 5, 'Libreta de dibujo', 3, 3, '', '1.00', '', '', 94, 1, '0000-00-00', 1),
(19, 'Ld02', 'Libreta de dibujo T/O', 5, 'Libreta tamaño oficio', 3, 3, '', '1.50', '', '', 96, 1, '0000-00-00', 1),
(20, 'Vp01', 'Viñetas de precio blanca', 5, 'Viñetas', 3, 3, '', '0.60', '', '', 10, 2, '0000-00-00', 1),
(21, 'Bb03', 'Brillantina de bote', 5, 'Brillantina', 3, 3, '', '0.75', '', '', 4, 1, '0000-00-00', 1),
(22, 'Cp01', 'Corrector Pinpoint', 5, 'corrector', 3, 3, '', '1.00', '', '', 54, 1, '0000-00-00', 1),
(23, 'Tg01', 'Tijera grande #8 Stanless', 5, 'Tijeras ', 16, 3, '', '2.75', '', '', 4, 1, '0000-00-00', 1),
(24, 'L01', 'Bollo de lana', 5, 'Bollo de lana colores', 3, 3, '', '0.50', '', '', 5, 3, '0000-00-00', 1),
(25, 'Bp02', 'Borrador de pizarra Artline', 5, 'Borrador de pizarra', 5, 5, '', '2.50', '', '', 9, 1, '0000-00-00', 1),
(26, 'Pg01', 'Pegamento 4oz Facela ', 5, 'Pegamento', 4, 1, '', '1.25', '', '', 0, 1, '0000-00-00', 1),
(27, 'Pp01', 'Pegamento en Barra', 5, 'Pegamento en Barra', 3, 3, '0.33', '0.75', '0.65', '0.55', 11, 1, '0000-00-00', 1),
(28, 'Ta01', 'Tirro Abro 1', 5, 'Tirro de una pulgada', 17, 3, '0.58', '0.89', '', '', 24, 2, '0000-00-00', 1),
(29, 'Tg02', 'Tijera figura Greka', 5, 'Tijeras figuras', 20, 3, '', '2.50', '', '', 9, 1, '0000-00-00', 1),
(30, 'Bf01', 'Borrador de figura', 5, 'Borrador escolar', 3, 3, '', '0.35', '', '', 43, 1, '0000-00-00', 1),
(31, 'Sm01', 'Sacapunta de metal', 5, 'Sacapunta escolar', 3, 3, '', '0.35', '0.25', '0.20', 583, 1, '0000-00-00', 1),
(32, 'Pc01', 'Paletas de colores', 5, 'paletas de color', 3, 3, '', '1.50', '', '', 2, 3, '0000-00-00', 1),
(33, 'Ct01', 'Cutter TUUCH', 5, 'Cutter', 18, 3, '', '1.50', '', '', 4, 2, '0000-00-00', 1),
(34, 'Sl01', 'Silicon liquido 100ml', 5, 'Silicon liquido', 3, 3, '', '1.35', '', '', 2, 3, '0000-00-00', 1),
(35, 'Ra01', 'Regla acrilica 20cm', 5, 'regla', 3, 3, '', '0.25', '', '', 150, 1, '0000-00-00', 1),
(36, 'Eg02', 'Estuche geometria 20cm Facela', 5, 'Estuche geometria', 4, 1, '', '1.00', '', '', 2, 1, '0000-00-00', 1),
(37, 'Lb01', 'Lego Bolsa', 5, 'juguete', 3, 3, '', '5.00', '', '', 1, 3, '0000-00-00', 1),
(38, 'Rm01', 'Resaltador Maped', 5, 'Resaltador o marcador flourecente', 19, 3, '0.49', '0.85', '0.75', '0.65', 12, 2, '0000-00-00', 1),
(39, 'Rm02', 'Regla con molde 15cm', 5, 'regla', 3, 3, '', '0.35', '', '', 69, 1, '0000-00-00', 1),
(40, 'Fm01', 'Fastener metal', 5, 'Fastener', 4, 7, '', '0.10', '', '', 48, 2, '0000-00-00', 1),
(41, 'Pc02', 'Papel T/C 25u', 7, 'papel blanco', 1, 1, '', '0.40', '', '', 105, 1, '0000-00-00', 1),
(43, 'cd01', 'CD', 5, 'cd en blanco', 3, 3, '', '0.50', '', '', 14, 6, '0000-00-00', 1),
(44, 'Fc01', 'Funda de carnet pequeño', 5, 'Funda', 3, 3, '', '0.35', '', '', 21, 6, '0000-00-00', 1),
(45, 'Fc02', 'Funda de carnet grande', 5, 'Funda', 3, 3, '', '0.35', '', '', 46, 6, '0000-00-00', 1),
(46, 'B01', 'Bateria', 5, 'Bateria', 3, 3, '', '1.00', '', '', 6, 6, '0000-00-00', 1),
(47, 'C01', 'Clip', 1, 'clip', 3, 3, '', '1.50', '', '', 10, 2, '0000-00-00', 1),
(48, 'G01', 'Grapas', 1, 'grapa', 4, 7, '0.64', '1.00', '0.89', '0.76', 3, 2, '0000-00-00', 1),
(49, 'Aa01', 'Almohadilla', 5, 'almohadilla', 5, 5, '', '2.25', '', '', 1, 2, '0000-00-00', 1),
(50, 'Cb01', 'Cable android', 5, 'cable de carga y datos', 3, 3, '', '2.50', '', '', 1, 6, '0000-00-00', 1),
(51, 'Cb02', 'Cable iPhone', 5, 'cable de carga y datos', 3, 3, '', '5.00', '', '', 1, 6, '0000-00-00', 1),
(52, 'Ctv01', 'Control de tv', 5, 'Control de tv varios', 3, 3, '', '5.00', '', '', 4, 6, '0000-00-00', 1),
(53, 'Fc03', 'Folder color T/C', 5, 'folder color', 4, 5, '0.07', '0.25', '0.15', '0.12', 1089, 1, '0000-00-00', 1),
(54, 'Fc04', 'Folder color T/C', 1, 'folder color', 4, 5, '6.78', '10.00', '8.50', '8.50', 95, 1, '0000-00-00', 1),
(55, 'Fc05', 'Folder corriente T/C', 5, 'Folder corriente', 4, 5, '0.0312', '0.10', '0.09', '0.07', 1615, 1, '0000-00-00', 1),
(56, 'Fc06', 'Folder corriente T/C', 1, 'folder corriente', 4, 5, '3.12', '4.95', '4.95', '4.95', 134, 1, '0000-00-00', 1),
(57, 'Pb01', 'Papel T/C base 20 Resma', 6, 'papel bond', 4, 5, '', '3.50', '', '', 240, 5, '0000-00-00', 1),
(58, 'pb02', 'Papel T/C base 20', 1, 'papel bond', 4, 5, '', '35.00', '', '', 21, 5, '0000-00-00', 1),
(59, 'Pb03', 'Papel base 20 pliego', 5, 'papel blanco', 4, 5, '', '0.25', '0.18', '0.15', 480, 5, '0000-00-00', 1),
(60, 'Pb04', 'Papel base 20 pliego', 6, 'papel blanco', 4, 5, '', '', '', '', 9, 5, '0000-00-00', 1),
(61, 'Pl01', 'Papel lustre pliego', 5, 'papel color', 3, 3, '', '0.25', '0.165', '0.15', 746, 5, '0000-00-00', 1),
(62, 'Pa04', 'Plastico adhesivo 3m', 5, 'plastico', 3, 3, '', '2.50', '', '', 54, 1, '0000-00-00', 1),
(63, 'La01', 'Libro de actas', 5, 'Libro actas', 3, 3, '', '1.25', '', '', 81, 4, '0000-00-00', 1),
(64, 'Lb02', 'Libro Order Book', 5, 'Libro order book', 3, 3, '', '1.50', '', '', 1, 4, '0000-00-00', 1),
(65, 'Lt01', 'Librera Taquigrafica', 5, 'Libreta Taquigrafica', 3, 3, '', '0.80', '', '', 167, 4, '0000-00-00', 1),
(66, 'Pf02', 'Papel foami pliego', 5, 'foami', 3, 3, '', '1.50', '', '', 5, 5, '0000-00-00', 1),
(67, 'Pf03', 'Papel foami T/C', 5, 'foami', 3, 3, '', '0.25', '0.18', '0.125', 97, 5, '0000-00-00', 1),
(68, 'Pf04', 'Papel foami brillo T/C', 5, 'foami con brillo', 3, 3, '', '0.50', '', '', 125, 5, '0000-00-00', 1),
(69, 'Sm02', 'Sobre de manila 9x12', 5, 'sobres', 3, 3, '', '0.25', '', '', 186, 2, '0000-00-00', 1),
(70, 'Sm03', 'Sobre de manila 9x12', 7, 'sobres', 3, 3, '', '', '0.12', '0.12', 3, 2, '0000-00-00', 1),
(71, 'Sm04', 'Sobre de manila 10x13', 5, 'sobres', 3, 3, '', '0.30', '', '3.5', 283, 2, '0000-00-00', 1),
(72, 'Sm05', 'Sobre de manila 10x13', 7, 'Sobre', 3, 3, '', '', '', '', 2, 2, '0000-00-00', 1),
(73, 'Ce01', 'Calculadora escritorio', 5, 'Calculadora', 3, 3, '6.50', '10.00', '8.50', '7.50', 9, 2, '0000-00-00', 1),
(74, 'Cm01', 'Calculadora mediana HL815L', 5, 'Calculadora', 3, 3, '3.50', '5.50', '4.75', '4.50', 5, 2, '0000-00-00', 1),
(75, 'Cm02', 'Calculadora mediana HL820', 5, 'Calculadora', 3, 3, '3.00', '5.00', '4.20', '3.60', 12, 2, '0000-00-00', 1),
(76, 'Cm03', 'Calculadora mediana HL4A', 5, 'Calculadora', 3, 3, '2.50', '4.50', '3.50', '3.15', 11, 2, '0000-00-00', 1),
(77, 'So01', 'Sobres T/O', 5, 'sobres', 3, 3, '0.0196', '0.10', '0.10', '0.05', 999, 2, '0000-00-00', 1),
(78, 'So02', 'Sobres T/O', 1, 'sobres', 3, 3, '19.60', '22.50', '22.50', '22.50', 4, 2, '0000-00-00', 1),
(79, 'Sc01', 'Sobres T/C', 5, 'sobres', 3, 3, '0.0146', '0.05', '0.05', '0.04', 958, 2, '0000-00-00', 1),
(80, 'Sc02', 'Sobres T/C', 1, 'sobres', 3, 3, '14.60', '15.50', '15.50', '15.50', 1, 2, '0000-00-00', 1),
(81, 'Lc02', 'Lapiz de color largo 12u Facela', 5, 'Lapiz de color', 4, 5, '1.77', '2.75', '2.35', '2.12', 29, 1, '0000-00-00', 1),
(82, 'Lc03', 'Lapiz de color 12u Mercury', 5, 'Lapiz de color', 21, 5, '1.98', '2.95', '2.50', '2.25', 39, 1, '0000-00-00', 1),
(83, 'Pf05', 'Plastilina Facela', 5, 'plastilina', 4, 5, '0.53', '1.00', '.85', '0.65', 98, 1, '0000-00-00', 1),
(84, 'Cf01', 'Crayola delgada Facela', 5, 'crayola', 4, 5, '0.89', '1.50', '1.25', '1.12', 10, 1, '0000-00-00', 1),
(85, 'Ls01', 'Libro Sembrador #2', 5, 'Libro sembrador', 3, 3, '4.35', '5.65', '4.95', '4.65', 18, 4, '0000-00-00', 1),
(86, 'Ls02', 'Libro Sembrador #3', 5, 'Libro sembrador', 3, 3, '', '5.75', '', '', 6, 4, '0000-00-00', 1),
(87, 'Ls03', 'Libro Sembrador #4', 5, 'Libro sembrador', 3, 3, '', '5.85', '', '', 9, 4, '0000-00-00', 1),
(88, 'Ls04', 'Libro Sembrador #5', 5, 'Libro sembrador', 3, 3, '', '5.95', '', '', 5, 4, '0000-00-00', 1),
(89, 'Ls05', 'Libro Sembrador #6', 5, 'Libro sembrador', 3, 3, '', '5.95', '', '', 7, 4, '0000-00-00', 1),
(90, 'Bb04', 'Biblia letra super gigante', 5, 'biblia', 3, 3, '', '42', '', '', 1, 4, '0000-00-00', 1),
(91, 'Bb05', 'Biblia plastificada piel', 5, 'biblia', 3, 3, '', '22.00', '', '', 1, 4, '0000-00-00', 1),
(92, 'Bb06 ', 'Biblia promesa c/forro', 5, 'biblia', 3, 3, '', '12.00', '', '', 1, 4, '0000-00-00', 1),
(93, 'Dc01', 'Diccionario Iter sopema', 5, 'diccionario', 3, 3, '', '2.00', '', '', 1, 4, '0000-00-00', 1),
(94, 'O01', 'Obra El sueño del presiente', 5, 'Obra', 3, 3, '', '3.50', '', '', 2, 4, '0000-00-00', 1),
(95, 'O02', 'Obra Una sombra diferente', 5, 'Obra', 3, 3, '', '', '', '', 1, 4, '0000-00-00', 1),
(96, 'O03', 'Obra Las troyanas', 5, 'Obra', 3, 3, '', '2.25', '', '', 1, 4, '0000-00-00', 1),
(97, 'O04', 'Obra Juan Salvador Gaviota', 5, 'Obra', 3, 3, '', '2.50', '', '', 1, 4, '0000-00-00', 1),
(98, 'O05', 'Libro Coloreo', 5, 'libro', 3, 3, '', '1.25', '', '', 36, 4, '0000-00-00', 1),
(99, 'C02', 'Cuentos', 5, 'Libro', 3, 3, '', '2.00', '', '', 1, 4, '0000-00-00', 1),
(100, 'Cr01', 'Cuadernilla rayada', 5, 'cuadernilla', 3, 3, '', '0.25', '', '', 175, 5, '0000-00-00', 1),
(101, 'Cr02', 'Cuadernilla rayada', 6, 'cuadernilla', 3, 3, '', '', '', '', 10, 5, '0000-00-00', 1),
(102, 'Cc03', 'Cuadernilla cuadro', 5, 'cuadernilla', 3, 3, '', '0.25', '', '', 18, 5, '0000-00-00', 1),
(103, 'Cc04', 'Cuadernilla cuadro', 6, 'cuadernilla', 3, 3, '', '', '', '', 12, 5, '0000-00-00', 1),
(104, 'Pr01', 'Papel de regalo corriente', 5, '', 3, 3, '', '0.25', '', '', 19, 5, '0000-00-00', 1),
(105, 'Cr03', 'Cartulina Iris', 5, 'cartulina', 3, 3, '', '0.50', '', '', 20, 5, '0000-00-00', 1),
(106, 'Cl01', 'Cartulina lustre', 5, 'cartulina', 3, 3, '', '0.50', '', '', 1, 5, '0000-00-00', 1),
(107, 'Pc04', 'Papel crespon', 5, 'crespon', 1, 1, '', '0.35', '', '', 6, 1, '0000-00-00', 1),
(108, 'Pc05', 'Papel china', 5, 'china', 3, 3, '', '0.10', '', '', 119, 5, '0000-00-00', 1),
(109, 'Vp02', 'Viñeta de precio amarilla', 5, 'Viñeta de precio', 3, 5, '', '0.75', '', '', 2, 2, '0000-00-00', 1),
(110, 'Cp02', 'Corrector Pinpoint', 1, '', 3, 3, '', '6.25', '', '', 4, 1, '0000-00-00', 1),
(111, 'Ra03', 'Regla  acrilica 30cm', 5, '', 3, 5, '', '0.35', '', '', 299, 1, '0000-00-00', 1),
(112, 'Pn01', 'Plastico corriente', 9, 'plastico', 1, 1, '', '0.50', '', '', 47, 1, '0000-00-00', 1),
(113, 'O06', 'Obra la gringa', 1, '', 1, 1, '', '2.75', '', '', 1, 1, '0000-00-00', 1),
(114, 'Pa00', 'Plumon 90', 5, 'Plumón permanente', 5, 1, '', '0.98', '0.75', '0.75', 53, 1, '0000-00-00', 1),
(115, 'Bb00', 'Bolígrafo Bic', 10, 'Cartón de 100 docenas', 2, 1, '136', '150', '136', '136', 0, 1, '0000-00-00', 1),
(116, 'Pc03', 'Papel T/C color 25u', 7, '25 hojas', 1, 1, '0.44', '1.00', '0.85', '0.75', 11, 1, '0000-00-00', 1),
(117, 'Cn01', 'Cuaderno norma color grande rayado', 5, 'cuaderno', 3, 3, '', '4.25', '', '', 55, 1, '0000-00-00', 1),
(118, 'Cn02', 'Cuaderno norma color grande cuadro', 5, 'cuadernos', 3, 3, '', '4.25', '', '', 4, 1, '0000-00-00', 1),
(119, 'Cb05', 'Cuaderno cosido 100 pag ', 5, 'Cuaderno', 1, 1, '', '0.75', '0.66', '0.56', 87, 1, '0000-00-00', 1),
(120, 'Cg01', 'Cuaderno engrapado 200 pag Rayado', 5, '', 9, 5, '', '0.60', '0.52', '0.45', 173, 1, '0000-00-00', 1),
(121, 'Cg07', 'Cuaderno engrapado 200 pag D/R 120u.', 1, 'Caja 120 unidades', 9, 5, '', '48.50', '48.50', '48.50', 1, 1, '0000-00-00', 1),
(122, 'Cg08', 'Cuaderno engrapado 100 pag Rayado', 5, 'cuaderno de 100 pag', 1, 5, '', '0.35', '', '0.29', 356, 1, '0000-00-00', 1),
(123, 'Bf02', 'Borrador facela', 5, 'borrador', 4, 5, '0.213344', '0.50', '', '', 54, 1, '2019-01-15', 1),
(124, 'St01', 'Stiker rotulador', 5, 'Calcamonia rotulador', 3, 3, '', '0.35', '0.28', '0.25', 32, 1, '0000-00-00', 1),
(125, 'Ce02', 'Cuaderno espiral #3 raya', 5, 'Cuaderno espiral', 1, 1, '', '0.85', '', '', 178, 1, '0000-00-00', 1),
(126, 'Ce03', 'Cuaderno espiral #3 cuadro ', 5, 'Cuaderno espiral', 9, 5, '0.497', '0.85', '0.65', '0.57', 20, 1, '0000-00-00', 1),
(127, 'Ce04', 'Cuaderno espiral #3 liso', 5, 'Cuaderno espiral', 9, 5, '', '0.85', '', '', 79, 1, '0000-00-00', 1),
(128, 'Ce05', 'Cuaderno espiral #1 raya', 5, 'Cuaderno espiral', 9, 5, '', '1.00', '0.80', '0.71', 151, 1, '0000-00-00', 1),
(129, 'Ce06', 'Cuaderno espiral #3 raya', 1, '80 unidades', 9, 5, '', '47.20', '', '', 1, 1, '0000-00-00', 1),
(130, 'Cv01', 'Cuaderno cocido gde vivo color  Ray', 5, '', 10, 3, '', '1.50', '', '', 128, 1, '0000-00-00', 1),
(131, 'Cv02', 'Cuaderno cocido gde vivo color cuadro', 5, '', 10, 3, '', '1.50', '', '', 103, 1, '0000-00-00', 1),
(132, 'Cc05', 'Cuaderno cocido peq norma ', 1, '', 1, 1, '', '2.50', '', '', 6, 1, '0000-00-00', 1),
(133, 'Cc06', 'Cuaderno cocido color peq  ray', 1, '', 1, 1, '', '1.00', '', '', 1, 1, '0000-00-00', 1),
(134, 'Cc07', 'Cuaderno cocido facela peq', 5, '', 4, 5, '', '0.89', '', '', 3, 1, '0000-00-00', 1),
(135, 'Pp07', 'Pintura de pincel pelikan', 1, '', 1, 1, '', '3.25', '', '', 8, 1, '0000-00-00', 1),
(136, 'Eg05', 'Estruche geometria 30cm', 5, '', 1, 1, '', '1.00', '', '', 70, 1, '0000-00-00', 1),
(137, 'Sp01', 'Sacapunta plastica embase ', 5, '', 3, 3, '', '2.50', '', '', 5, 1, '0000-00-00', 1),
(138, 'Bb07', 'Brillantina en bolsa', 5, '', 1, 1, '', '0.15', '', '', 11, 1, '0000-00-00', 1),
(139, 'Sp02', 'Sacapunta Plastica', 5, '', 1, 5, '', '0.15', '0.12', '', 146, 1, '0000-00-00', 1),
(140, 'Bc01', 'Boligrafo de colores', 8, '', 3, 5, '', '1.50', '', '', 22, 1, '0000-00-00', 1),
(141, 'Ca01', 'Cinta pegafan', 5, 'Cinta Adhesiva', 3, 5, '0.332785', '0.50', '', '', 6, 1, '0000-00-00', 1),
(142, 'Le01', 'Lamina Educativa', 5, 'Poster material didactico', 3, 3, '0.90', '2.00', '1.50', '1.25', 3, 7, '0000-00-00', 1),
(143, 'Tf01', 'Tijera escolar facela', 5, 'Tijera pequeña', 4, 5, '0.28', '0.75', '0.65', '0.55', 21, 1, '0000-00-00', 1),
(144, 'Sr01', 'Sobre de regalo', 5, 'Sobre para dinero', 3, 3, '0.75', '1.00', '0.90', '0.85', 21, 3, '0000-00-00', 1),
(145, 'CM05', 'Cuaderno espiral 5 Materias', 5, 'Cuaderno de 5 Materias con cuadriculado', 9, 1, '2.99', '3.95', '', '', 146, 1, '0000-00-00', 1),
(146, 'Cv03', 'Cuaderno cosido peq vivo color Ray', 5, 'Cuaderno vivo color peq', 10, 3, '0.49', '0.96', '0.86', '0.74', 111, 1, '0000-00-00', 1),
(147, 'Cv04', 'Cuaderno cosido peq vivo color D/R', 5, 'Cuaderno doble raya', 10, 3, '0.61', '0.96', '0.85', '0.74', 10, 1, '0000-00-00', 1),
(148, 'Cv05', 'Cuaderno cosido peq vivo color Liso', 5, 'Cuaderno Liso', 10, 3, '0.61', '0.96', '0.85', '0.74', 9, 1, '0000-00-00', 1),
(149, 'Cv06', 'Cuaderno cosido peq vivo color Cuadro', 5, 'Cuaderno Cuadro', 10, 3, '0.61', '0.96', '0.85', '0.74', 16, 1, '0000-00-00', 1),
(150, 'Cg02', 'Cuaderno engrapado 200 pag Cuadro', 5, 'Cuaderno eng cuadro', 1, 1, '', '0.60', '0.52', '0.45', 110, 1, '0000-00-00', 1),
(151, 'Cg03', 'Cuaderno engrapado 200 pag D/R', 5, 'Cuaderno doble raya engrapado', 9, 5, '', '0.60', '0.52', '0.45', 35, 1, '0000-00-00', 1),
(152, 'Cg04', 'Cuaderno engrapado 200 pag Liso', 5, 'Cuadermo engrapado Liso', 9, 5, '', '0.60', '0.52', '0.45', 27, 1, '0000-00-00', 1),
(153, 'Cg06', 'Cuaderno engrapado 200 pag Cuadro120u.', 1, 'Caja de 120 unidades', 9, 5, '', '48.50', '48.50', '48.50', 0, 1, '0000-00-00', 1),
(154, 'Cg05', 'Cuaderno engrapado 200 pag Rayado 120u.', 1, 'Caja de 120 unidades', 9, 5, '', '48.50', '48.50', '48.50', 2, 1, '0000-00-00', 1),
(155, 'To01', 'Tarjeta 2 colores', 5, 'Tarjeta de regalo dos colores', 3, 3, '1.00', '1.75', '1.75', '1.75', 7, 3, '0000-00-00', 1),
(156, 'Ls', 'Libro Silabario', 5, 'Silabario', 1, 1, '0.25', '0.35', '0.33', '0.30', 21, 4, '0000-00-00', 1),
(157, 'Ce07', 'Cuaderno espiral Quest #1 1 Mat Ray', 5, 'Cuaderno doble anillo Quest', 3, 3, '', '2.50', '2.25', '2.10', 78, 1, '0000-00-00', 1),
(158, 'Sp03', 'Sacapunta plastica C/D', 5, 'Sacapunta plástica con deposito', 3, 3, '0.90', '1.25', '1.20', '1.20', 17, 1, '0000-00-00', 1),
(159, 'St02', 'Stiker sencillo', 5, 'Stiker Nombre', 3, 3, '0.125', '0.25', '0.17', '0.15', 0, 1, '0000-00-00', 1),
(160, 'Ac01', 'AMPO T/C', 5, 'AMPO', 3, 3, '2.90', '3.50', '3.20', '3.15', 10, 2, '0000-00-00', 1),
(161, 'Co01', 'Cuaderno cosido grande D/R Ofi', 5, 'Cuaderno cosido doble raya', 3, 3, '1.25', '1.50', '1.50', '1.50', 2, 1, '0000-00-00', 1),
(162, 'Sd01', 'Silicon Delgado Barra', 7, 'Bolsa sella de silicon delgado', 3, 3, '6.00', '10.00', '8.50', '8.50', 24, 1, '0000-00-00', 1),
(163, 'Sb02', 'Siicon delgado en barra', 5, 'Silicon delgado en barra', 3, 3, '0.0575', '0.20', '0.15', '0.15', 80, 1, '0000-00-00', 1),
(164, 'Pl02', 'Pegamento Liquido Studmark 4oz', 5, 'Pegamento Liquido ', 6, 7, '0.58', '1.00', '0.88', '0.78', 9, 1, '0000-00-00', 1),
(165, 'Ck01', 'Cuaderno Norma Kiut', 5, 'Cuaderno Norma Kiut', 3, 3, '4.80', '5.95', '5.60', '5.60', 2, 1, '0000-00-00', 1),
(166, 'Ff01', 'Figuras de Foami con Pegamento', 5, 'Calcomanias de Foami con Pegamento', 3, 3, '1.25', '2.00', '1.80', '1.60', 23, 2, '0000-00-00', 1),
(167, 'Ti01', 'Teclado + Mouse Inalambrico', 5, 'Kit Inalambrico', 22, 6, '13.00', '18.00', '15.50', '15.50', 1, 6, '0000-00-00', 1),
(168, 'Cc08', 'Credencial Sencilla', 5, 'Credencial del Cartón', 1, 1, '0.60', '1.00', '1.00', '1.00', 12, 1, '0000-00-00', 1),
(169, 'Cm04', 'Chonga Magica Mini', 5, 'Chonga Magica Mini', 1, 1, '0.20', '0.25', '0.25', '', 69, 1, '0000-00-00', 1),
(170, 'Gp01', 'Globos  x100u', 7, 'Paquete de Globo sencillo', 3, 3, '2.25', '3.00', '3.00', '', 1, 3, '0000-00-00', 1),
(171, 'Fm02', 'Fastener metal', 1, '', 3, 3, '1.15', '2.00', '1.75', '1.50', 2, 1, '0000-00-00', 1),
(172, 'Tfc01', 'Talonario de Factura comercial pequeña', 1, '', 1, 1, '0.12', '0.25', '0.20', '0.18', 12, 1, '0000-00-00', 1),
(173, 'Tfc02', 'Talonario de Factura Gde', 5, '', 3, 3, '0.29', '0.50', '0.44', '0.39', 12, 2, '0000-00-00', 1),
(174, 'Ca02', 'Cinta Transparente 2\" ', 5, '', 3, 3, '0.74', '1.25', '1.00', '0.95', 12, 2, '0000-00-00', 1),
(175, 'Sl02', 'Silicon Liquido 100 ml', 1, '', 1, 1, '0.77', '1.25', '0.99', '0.88', 12, 1, '0000-00-00', 1),
(176, 'Bi01', 'Globo decorado', 5, 'Vejiga día de la madre', 3, 3, '0.25', '0.35', '0.35', '0.35', 15, 3, '0000-00-00', 1);

-- --------------------------------------------------------

--
-- Estructura de tabla para la tabla `proveedor`
--

CREATE TABLE `proveedor` (
  `id_proveedor` int(11) NOT NULL,
  `nombre` varchar(150) CHARACTER SET utf8 COLLATE utf8_spanish2_ci NOT NULL,
  `telefono` varchar(10) NOT NULL,
  `direccion` varchar(200) CHARACTER SET utf8 COLLATE utf8_spanish2_ci NOT NULL,
  `estado` tinyint(4) NOT NULL
) ENGINE=InnoDB DEFAULT CHARSET=latin1;

--
-- Volcado de datos para la tabla `proveedor`
--

INSERT INTO `proveedor` (`id_proveedor`, `nombre`, `telefono`, `direccion`, `estado`) VALUES
(1, 'disasa', '61099440', '22 calle oriente pol e casa # 2 col. esperanza San salvador', 1),
(2, 'sony', '76636542', 'sivar', 1),
(3, 'varios', '---------', '---------', 1),
(4, 'hers', '7777-2020', 'Sivar', 0),
(5, 'Dquisa', '-----', 'San Salvador', 1),
(6, 'Omega', '0000000', 'Bo. San NIcolas', 1),
(7, 'DM', '--------', 'SM', 1);

-- --------------------------------------------------------

--
-- Estructura de tabla para la tabla `reclamos`
--

CREATE TABLE `reclamos` (
  `id` int(11) NOT NULL,
  `vendedor` varchar(150) COLLATE utf8_spanish_ci NOT NULL,
  `producto` varchar(150) COLLATE utf8_spanish_ci NOT NULL,
  `reclamo` varchar(200) COLLATE utf8_spanish_ci NOT NULL,
  `estado` tinyint(11) NOT NULL
) ENGINE=InnoDB DEFAULT CHARSET=utf8 COLLATE=utf8_spanish_ci;

-- --------------------------------------------------------

--
-- Estructura de tabla para la tabla `roles`
--

CREATE TABLE `roles` (
  `id` int(11) NOT NULL,
  `nombre` varchar(45) COLLATE utf8_spanish2_ci DEFAULT NULL,
  `descripcion` varchar(100) COLLATE utf8_spanish2_ci DEFAULT NULL
) ENGINE=InnoDB DEFAULT CHARSET=utf8 COLLATE=utf8_spanish2_ci;

--
-- Volcado de datos para la tabla `roles`
--

INSERT INTO `roles` (`id`, `nombre`, `descripcion`) VALUES
(1, 'superadmin', 'control toal'),
(2, 'admin', 'control total'),
(3, 'vendedor', 'ciertos modulos');

-- --------------------------------------------------------

--
-- Estructura de tabla para la tabla `servicios`
--

CREATE TABLE `servicios` (
  `id_servicio` int(11) NOT NULL,
  `nombre` varchar(25) COLLATE utf8mb4_spanish_ci NOT NULL,
  `id_presentacion` int(11) NOT NULL,
  `descripción` varchar(100) COLLATE utf8mb4_spanish_ci NOT NULL,
  `precio` float NOT NULL,
  `precio2` float NOT NULL,
  `precio3` float NOT NULL
) ENGINE=InnoDB DEFAULT CHARSET=utf8mb4 COLLATE=utf8mb4_spanish_ci;

--
-- Volcado de datos para la tabla `servicios`
--

INSERT INTO `servicios` (`id_servicio`, `nombre`, `id_presentacion`, `descripción`, `precio`, `precio2`, `precio3`) VALUES
(1, 'Laminacion', 4, 'Laminado', 1, 0.95, 0.9),
(2, 'Fotocopias', 4, 'Fotocopias', 0.05, 0.05, 0.04),
(3, 'Impresiones B/N', 4, 'Impresion', 0.2, 0.15, 0.13),
(4, 'Anillado Sencillo', 4, 'Anillado', 2, 1.75, 1.5),
(5, 'Refilado Negro', 4, 'Refilado', 5, 4.75, 4.55),
(6, 'Fotocopia de doc', 4, 'Fotocopia', 0.075, 0.075, 0.075),
(7, 'Impresión Color', 4, 'Imp. Color', 0.25, 0.2, 0.2),
(8, 'Anillado Grueso', 4, 'Anillado', 4, 3.75, 3.5),
(9, 'Refilado Color', 4, 'Refil', 7, 6.5, 6.25);

-- --------------------------------------------------------

--
-- Estructura de tabla para la tabla `tipo_comprobante`
--

CREATE TABLE `tipo_comprobante` (
  `id` int(11) NOT NULL,
  `nombre` varchar(50) COLLATE utf8_spanish2_ci NOT NULL,
  `cantidad` int(11) NOT NULL,
  `iva` int(11) NOT NULL,
  `serie` int(11) NOT NULL
) ENGINE=InnoDB DEFAULT CHARSET=utf8 COLLATE=utf8_spanish2_ci;

--
-- Volcado de datos para la tabla `tipo_comprobante`
--

INSERT INTO `tipo_comprobante` (`id`, `nombre`, `cantidad`, `iva`, `serie`) VALUES
(1, 'Factura', 1543, 0, 1),
(2, 'Ticket', 21, 0, 5),
(3, 'Cotizacion', 4, 0, 8),
(5, 'Credito Fiscal', 28, 13, 9),
(6, 'Factura', 1421, 0, 1);

-- --------------------------------------------------------

--
-- Estructura de tabla para la tabla `tipo_presentacion`
--

CREATE TABLE `tipo_presentacion` (
  `id` int(11) NOT NULL,
  `nombre` varchar(100) COLLATE utf8_spanish2_ci NOT NULL,
  `estado` tinyint(4) DEFAULT NULL
) ENGINE=InnoDB DEFAULT CHARSET=utf8 COLLATE=utf8_spanish2_ci;

--
-- Volcado de datos para la tabla `tipo_presentacion`
--

INSERT INTO `tipo_presentacion` (`id`, `nombre`, `estado`) VALUES
(1, 'Cajas', 1),
(2, 'resmas', 0),
(3, 'Gruesas', 1),
(4, 'Servicio', 1),
(5, 'Unidad', 1),
(6, 'Resma', 1),
(7, 'Paquete', 1),
(8, 'Blister', 1),
(9, 'Yarda', 1),
(10, 'Carton', 1);

-- --------------------------------------------------------

--
-- Estructura de tabla para la tabla `usuarios`
--

CREATE TABLE `usuarios` (
  `id` int(11) NOT NULL,
  `grupo` int(11) NOT NULL,
  `nombres` varchar(100) COLLATE utf8_spanish2_ci DEFAULT NULL,
  `apellidos` varchar(100) COLLATE utf8_spanish2_ci DEFAULT NULL,
  `dui` varchar(20) COLLATE utf8_spanish2_ci NOT NULL,
  `nit` varchar(20) COLLATE utf8_spanish2_ci NOT NULL,
  `telefono` varchar(20) COLLATE utf8_spanish2_ci DEFAULT NULL,
  `email` varchar(100) COLLATE utf8_spanish2_ci DEFAULT NULL,
  `username` varchar(45) COLLATE utf8_spanish2_ci DEFAULT NULL,
  `password` varchar(100) COLLATE utf8_spanish2_ci DEFAULT NULL,
  `rol_id` int(11) DEFAULT NULL,
  `estado` tinyint(1) DEFAULT NULL
) ENGINE=InnoDB DEFAULT CHARSET=utf8 COLLATE=utf8_spanish2_ci;

--
-- Volcado de datos para la tabla `usuarios`
--

INSERT INTO `usuarios` (`id`, `grupo`, `nombres`, `apellidos`, `dui`, `nit`, `telefono`, `email`, `username`, `password`, `rol_id`, `estado`) VALUES
(1, 1, 'Carlos Fermin', 'Padilla Ferrufino', '05431598-6', '1217-151096-102-6', '61099440', 'email@yo.com', 'Padillon', '12', 1, 0),
(2, 1, 'edward', 'her', '789987', '87879', '77594592', 'baoionz_hg@hotmail.com', 'baionz', NULL, 1, 0),
(3, 1, 'fabiola', 'garcia', '65415161', '1+56165161', '77564+498', 'fabu@hotmail.com', 'fab', NULL, 1, 0),
(4, 2, 'konny', 'amaya', '7897', '54656', '778888999', 'sama', 'liz', NULL, 3, 0),
(5, 1, 'edw', 'her', '889', '54657', '7878', '7878', 'baioz', 'd033e22ae348aeb5660fc2140aec35850c4da997', 1, 0),
(6, 1, 'gustavo', 'rojas', '8989', '8889', '2648', 'rojas@jah', 'rojas', 'fc6fea5b0c058716683a5ec0cf63833ba7a72bca', 3, 1),
(7, 1, 'Ligia', 'Astrid', '7897', '456789', '789456232', 'astrid@hotmail.com', 'ingeniera', 'd033e22ae348aeb5660fc2140aec35850c4da997', 1, 0),
(8, 0, 'LIBRERIA', 'A&C', '04034688-5', '1215-011287-104-3', '', '', 'Libreria', 'ec9005365349ab198255c2008fdb837322f8ad99', 1, 1);

-- --------------------------------------------------------

--
-- Estructura de tabla para la tabla `ventas`
--

CREATE TABLE `ventas` (
  `id` int(11) NOT NULL,
  `fecha` date NOT NULL,
  `serie` varchar(50) COLLATE utf8_spanish2_ci NOT NULL,
  `subtotal` varchar(45) COLLATE utf8_spanish2_ci DEFAULT NULL,
  `iva` varchar(45) COLLATE utf8_spanish2_ci DEFAULT NULL,
  `descuento` varchar(45) COLLATE utf8_spanish2_ci DEFAULT NULL,
  `total` varchar(45) COLLATE utf8_spanish2_ci DEFAULT NULL,
  `cliente_id` int(11) DEFAULT NULL,
  `usuario_id` int(11) DEFAULT NULL,
  `num_documento` varchar(45) COLLATE utf8_spanish2_ci DEFAULT NULL,
  `tipo_comprobante_id` int(11) NOT NULL,
  `estado` tinyint(4) NOT NULL
) ENGINE=InnoDB DEFAULT CHARSET=utf8 COLLATE=utf8_spanish2_ci;

--
-- Volcado de datos para la tabla `ventas`
--

INSERT INTO `ventas` (`id`, `fecha`, `serie`, `subtotal`, `iva`, `descuento`, `total`, `cliente_id`, `usuario_id`, `num_documento`, `tipo_comprobante_id`, `estado`) VALUES
(3, '2019-01-14', '1', '36.59', '0.00', '0', '36.59', 7, 1, '001400', 1, 0),
(4, '2019-01-14', '1', '36.59', '0.00', '0', '36.59', 7, 1, '001400', 1, 0),
(5, '2019-01-14', '1', '36.59', '0.00', '0', '36.59', 7, 1, '001400', 1, 1),
(6, '2019-01-14', '1', '3.5', '0.00', '0', '3.50', 7, 1, '001403', 1, 1),
(7, '2019-01-14', '1', '5.8', '0.00', '0', '5.80', 7, 1, '001404', 1, 1),
(8, '2019-01-14', '1', '13.2', '0.00', '0', '13.20', 7, 1, '001405', 1, 1),
(9, '2019-01-14', '1', '16.9', '0.00', '0', '16.90', 7, 1, '001406', 1, 1),
(10, '2019-01-14', '1', '1.5', '0.00', '0', '1.50', 7, 1, '001407', 1, 1),
(11, '2019-01-14', '1', '2.5', '0.00', '0', '2.50', 7, 1, '001408', 1, 1),
(12, '2019-01-15', '1', '18.4', '0.00', '0', '18.40', 7, 1, '001409', 1, 1),
(13, '2019-01-15', '1', '2.4', '0.00', '0', '2.40', 7, 1, '001410', 1, 1),
(14, '2019-01-15', '1', '41.65', '0.00', '0', '41.65', 7, 1, '001411', 1, 1),
(15, '2019-01-15', '1', '0.5', '0.00', '0', '0.50', 7, 1, '001412', 1, 1),
(16, '2019-01-15', '1', '1.25', '0.00', '0', '1.25', 7, 1, '001413', 1, 1),
(17, '2019-01-15', '1', '29.9', '0.00', '0', '29.90', 7, 1, '001414', 1, 1),
(18, '2019-01-15', '1', '15', '0.00', '0', '15.00', 7, 1, '001415', 1, 1),
(19, '2019-01-15', '1', '1.5', '0.00', '0', '1.50', 7, 1, '001416', 1, 1),
(20, '2019-01-16', '1', '22.1', '0.00', '0', '22.10', 7, 1, '001417', 1, 1),
(21, '2019-01-16', '1', '0', '0.00', '0', '0.00', 7, 1, '001412', 1, 0),
(24, '2019-01-16', '1', '16.9', '0.00', '0', '16.90', 7, 1, '001412', 1, 0),
(25, '2019-01-16', '1', '16.95', '0.00', '0', '16.95', 7, 1, '001412', 1, 0),
(26, '2019-01-16', '1', '20.85', '0.00', '0', '20.85', 7, 1, '001412', 1, 1),
(27, '2019-01-16', '1', '20.85', '0.00', '0', '20.85', 7, 1, '001412', 1, 0),
(28, '2019-01-16', '1', '4.85', '0.00', '', 'NaN', 7, 1, '001413', 1, 0),
(29, '2019-01-16', '1', '4.85', '0.00', '0', '4.85', 7, 1, '001413', 1, 1),
(30, '2019-01-16', '1', '1.5', '0.00', '0', '1.50', 7, 1, '001414', 1, 1),
(31, '2019-01-16', '1', '36.6', '0.00', '0', '36.60', 7, 1, '001415', 1, 1),
(32, '2019-01-16', '1', '33.45', '0.00', '10', '30.10', 7, 1, '001416', 1, 1),
(33, '2019-01-16', '1', '2.88', '0.00', '10', '2.59', 7, 1, '001417', 1, 1),
(34, '2019-01-16', '1', '3.25', '0.00', '0', '3.25', 7, 1, '001418', 1, 1),
(35, '2019-01-16', '1', '7.6', '0.00', '0', '7.60', 7, 1, '001419', 1, 1),
(38, '2019-01-16', '1', '5', '0.00', '0', '5.00', 7, 1, '001420', 1, 1),
(39, '2019-01-16', '5', '4.22', '0.00', '0', '4.22', 7, 1, '000019', 2, 1),
(40, '2019-01-16', '1', '0.25', '0.00', '0', '0.25', 7, 1, '001421', 1, 1),
(41, '2019-01-16', '1', '5.5', '0.00', '0', '5.50', 7, 1, '001422', 1, 0),
(42, '2019-01-16', '1', '2.5', '0.00', '0', '2.50', 7, 1, '001422', 1, 0),
(43, '2019-01-16', '1', '5.5', '0.00', '0', '5.50', 7, 1, '001422', 1, 1),
(44, '2019-01-17', '1', '4', '0.00', '25', '3.00', 7, 1, '001423', 1, 1),
(45, '2019-01-17', '5', '12.65', '0.00', '0', '12.65', 7, 1, '000020', 2, 1),
(46, '2019-01-17', '1', '1.4', '0.00', '0', '1.40', 7, 1, '001424', 1, 1),
(47, '2019-01-17', '1', '7.8', '0.00', '4', '7.49', 7, 1, '001425', 1, 1),
(48, '2019-01-17', '1', '3.75', '0.00', '0', '3.75', 10, 1, '001426', 1, 1),
(49, '2019-01-17', '1', '3.95', '0.00', '0', '3.95', 7, 1, '001427', 1, 1),
(50, '2019-01-17', '1', '2.1', '0.00', '0', '2.10', 7, 1, '001428', 1, 1),
(51, '2019-01-17', '8', '80', '0.00', '0', '80.00', 7, 1, '000003', 3, 1),
(52, '2019-01-18', '1', '16.25', '0.00', '0', '16.25', 7, 1, '001429', 1, 1),
(53, '2019-01-18', '1', '2.5', '0.00', '0', '2.50', 7, 1, '001430', 1, 1),
(54, '2019-01-18', '1', '27.51', '0.00', '10', '24.76', 7, 1, '001431', 1, 1),
(55, '2019-01-18', '1', '2.25', '0.00', '10', '2.02', 7, 1, '001432', 1, 1),
(56, '2019-01-18', '1', '83.35', '0.00', '7', '77.52', 8, 1, '001433', 1, 1),
(57, '2019-01-18', '1', '6.5', '0.00', '10', '5.85', 7, 1, '001434', 1, 1),
(58, '2019-01-18', '1', '2.5', '0.00', '10', '2.25', 7, 1, '001435', 1, 1),
(59, '2019-01-18', '1', '6.28', '0.00', '0', '6.28', 7, 1, '001436', 1, 1),
(60, '2019-01-18', '1', '5.95', '0.00', '0', '5.95', 7, 1, '001437', 1, 1),
(61, '2019-01-18', '1', '2.5', '0.00', '0', '2.50', 7, 1, '001438', 1, 1),
(62, '2019-01-18', '1', '2.85', '0.00', '0', '2.85', 7, 1, '001439', 1, 1),
(63, '2019-01-18', '1', '12.1', '0.00', '10', '10.89', 7, 1, '001440', 1, 1),
(64, '2019-01-18', '1', '6.3', '0.00', '0', '6.30', 7, 1, '001441', 1, 1),
(65, '2019-01-18', '1', '2.5', '0.00', '0', '2.50', 7, 1, '001442', 1, 1),
(66, '2019-01-19', '1', '4.75', '0.00', '0', '4.75', 7, 1, '001443', 1, 1),
(67, '2019-01-19', '1', '7.18', '0.00', '0', '7.18', 7, 1, '001444', 1, 1),
(68, '2019-01-19', '1', '5.75', '0.00', '0', '5.75', 7, 1, '001445', 1, 1),
(69, '2019-01-19', '1', '3.25', '0.00', '0', '3.25', 7, 1, '001446', 1, 1),
(70, '2019-01-19', '1', '3.84', '0.00', '0', '3.84', 7, 1, '001447', 1, 0),
(71, '2019-01-19', '1', '15.32', '0.00', '10', '13.79', 7, 1, '001448', 1, 1),
(72, '2019-01-19', '1', '13.97', '0.00', '10', '12.57', 7, 1, '001449', 1, 1),
(73, '2019-01-19', '1', '11.95', '0.00', '0', '11.95', 13, 1, '001450', 1, 1),
(74, '2019-01-19', '1', '4.95', '0.00', '0', '4.95', 7, 1, '001451', 1, 1),
(75, '2019-01-21', '1', '20.4', '0.00', '0', '20.40', 7, 1, '001452', 1, 1),
(76, '2019-01-21', '5', '1.25', '0.00', '0', '1.25', 7, 1, '000021', 2, 1),
(77, '2019-01-21', '1', '3.5', '0.00', '0', '3.50', 7, 1, '001453', 1, 1),
(78, '2019-01-21', '1', '3.15', '0.00', '0', '3.15', 7, 1, '001454', 1, 1),
(79, '2019-01-21', '1', '7', '0.00', '10', '6.30', 7, 1, '001455', 1, 1),
(80, '2019-01-22', '1', '18', '0.00', '0', '18.00', 7, 1, '001456', 1, 1),
(81, '2019-01-22', '1', '5.5', '0.00', '0', '5.50', 7, 1, '001457', 1, 1),
(82, '2019-01-22', '1', '28.9', '0.00', '0', '28.90', 7, 1, '001458', 1, 1),
(83, '2019-01-22', '1', '3.7', '0.00', '0', '3.70', 7, 1, '001459', 1, 1),
(84, '2019-01-22', '1', '3.75', '0.00', '0', '3.75', 7, 1, '001460', 1, 1),
(85, '2019-01-22', '1', '5.35', '0.00', '0', '5.35', 7, 1, '001461', 1, 1),
(86, '2019-01-22', '1', '5.3', '0.00', '0', '5.30', 7, 1, '001462', 1, 1),
(87, '2019-01-22', '1', '6.4', '0.00', '0', '6.40', 7, 1, '001463', 1, 1),
(88, '2019-01-23', '1', '1.1', '0.00', '0', '1.10', 7, 1, '001464', 1, 1),
(89, '2019-01-23', '1', '61.24', '0.00', '4', '58.79', 12, 1, '001465', 1, 1),
(90, '2019-01-23', '1', '9.9', '0.00', '0', '9.90', 7, 1, '001466', 1, 1),
(91, '2019-01-23', '1', '10', '0.00', '0', '10.00', 7, 1, '001467', 1, 1),
(93, '2019-01-23', '1', '9.4', '0.00', '0', '9.40', 7, 1, '001468', 1, 1),
(94, '2019-01-23', '1', '11.99', '0.00', '0', '11.99', 7, 1, '001469', 1, 1),
(95, '2019-01-24', '1', '9.35', '0.00', '0', '9.35', 7, 1, '001470', 1, 1),
(96, '2019-01-24', '1', '5.86', '0.00', '0', '5.86', 7, 1, '001471', 1, 1),
(97, '2019-01-24', '1', '2.42', '0.00', '0', '2.42', 7, 1, '001472', 1, 1),
(98, '2019-01-24', '1', '4.05', '0.00', '0', '4.05', 7, 1, '001473', 1, 1),
(99, '2019-01-24', '1', '2.85', '0.00', '0', '2.85', 7, 1, '001474', 1, 1),
(100, '2019-01-24', '1', '2.85', '0.00', '0', '2.85', 7, 1, '001474', 1, 0),
(101, '2019-01-24', '1', '5.34', '0.00', '0', '5.34', 7, 1, '001475', 1, 1),
(102, '2019-01-24', '9', '3.04', '0.40', '0', '3.44', 14, 1, '000028', 5, 1),
(103, '2019-01-24', '1', '7.05', '0.00', '0', '7.05', 7, 1, '001476', 1, 1),
(104, '2019-01-24', '1', '14.73', '0.00', '0', '14.73', 7, 1, '001477', 1, 1),
(105, '2019-01-24', '1', '3.95', '0.00', '0', '3.95', 7, 1, '001478', 1, 1),
(106, '2019-01-24', '1', '2.7', '0.00', '0', '2.70', 7, 1, '001479', 1, 1),
(107, '2019-01-24', '1', '4.75', '0.00', '0', '4.75', 7, 1, '001480', 1, 1),
(108, '2019-01-25', '1', '5.85', '0.00', '0', '5.85', 7, 1, '001481', 1, 1),
(109, '2019-01-25', '1', '9.3', '0.00', '0', '9.30', 7, 1, '001482', 1, 1),
(110, '2019-01-25', '1', '6.3', '0.00', '0', '6.30', 7, 1, '001483', 1, 1),
(111, '2019-01-25', '1', '6.3', '0.00', '0', '6.30', 7, 1, '001483', 1, 0),
(112, '2019-01-25', '1', '1.75', '0.00', '0', '1.75', 15, 1, '001484', 1, 1),
(113, '2019-01-25', '1', '5.75', '0.00', '0', '5.75', 7, 1, '001485', 1, 1),
(114, '2019-01-25', '1', '5.65', '0.00', '0', '5.65', 7, 1, '001486', 1, 1),
(115, '2019-01-26', '1', '5.65', '0.00', '0', '5.65', 7, 1, '001487', 1, 1),
(116, '2019-01-26', '1', '4', '0.00', '13', '3.48', 7, 1, '001488', 1, 1),
(117, '2019-01-26', '1', '10.25', '0.00', '17', '8.51', 7, 1, '001489', 1, 1),
(118, '2019-01-26', '1', '2.48', '0.00', '0', '2.48', 7, 1, '001490', 1, 1),
(119, '2019-01-26', '1', '1', '0.00', '0', '1.00', 7, 1, '001491', 1, 1),
(120, '2019-01-26', '1', '5', '0.00', '0', '5.00', 7, 1, '001492', 1, 1),
(121, '2019-01-26', '1', '11.22', '0.00', '0', '11.22', 7, 1, '001493', 1, 1),
(122, '2019-01-26', '1', '1.35', '0.00', '0', '1.35', 7, 1, '001494', 1, 1),
(123, '2019-01-26', '1', '13.15', '0.00', '0', '13.15', 7, 1, '001495', 1, 1),
(124, '2019-01-26', '1', '2', '0.00', '0', '2.00', 7, 1, '001496', 1, 1),
(125, '2019-01-28', '1', '9.9', '0.00', '6', '9.31', 7, 1, '001497', 1, 1),
(126, '2019-01-28', '1', '2.95', '0.00', '0', '2.95', 7, 1, '001498', 1, 1),
(127, '2019-01-28', '1', '4.35', '0.00', '0', '4.35', 7, 1, '001499', 1, 1),
(128, '2019-01-28', '1', '2', '0.00', '0', '2.00', 7, 1, '001500', 1, 1),
(129, '2019-01-28', '1', '18', '0.00', '0', '18.00', 7, 1, '001501', 1, 1),
(130, '2019-01-28', '1', '5.8', '0.00', '0', '5.80', 7, 1, '001502', 1, 1),
(131, '2019-01-28', '1', '1.35', '0.00', '0', '1.35', 7, 1, '001503', 1, 1),
(132, '2019-01-28', '1', '10.9', '0.00', '0', '10.90', 7, 1, '001504', 1, 1),
(133, '2019-01-28', '1', '0.4', '0.00', '0', '0.40', 7, 1, '001505', 1, 0),
(134, '2019-01-28', '1', '2', '0.00', '0', '2.00', 7, 1, '001506', 1, 0),
(135, '2019-01-28', '1', '7.65', '0.00', '0', '7.65', 7, 1, '001507', 1, 1),
(136, '2019-01-28', '1', '11.42', '0.00', '0', '11.42', 7, 1, '001508', 1, 1),
(137, '2019-01-28', '1', '0.5', '0.00', '0', '0.50', 7, 1, '001509', 1, 1),
(138, '2019-01-28', '1', '2.1', '0.00', '0', '2.10', 7, 1, '001510', 1, 1),
(139, '2019-01-28', '1', '7.75', '0.00', '0', '7.75', 7, 1, '001511', 1, 1),
(140, '2019-01-28', '1', '3.56', '0.00', '0', '3.56', 7, 1, '001512', 1, 1),
(141, '2019-01-29', '1', '5.28', '0.00', '0', '5.28', 7, 1, '001513', 1, 1),
(142, '2019-01-29', '1', '5.85', '0.00', '0', '5.85', 7, 1, '001514', 1, 1),
(143, '2019-01-29', '1', '10.7', '0.00', '0', '10.70', 7, 1, '001515', 1, 1),
(144, '2019-01-29', '1', '2', '0.00', '0', '2.00', 7, 1, '001516', 1, 0),
(145, '2019-01-29', '1', '5.95', '0.00', '0', '5.95', 7, 1, '001517', 1, 1),
(146, '2019-01-29', '1', '2.5', '0.00', '0', '2.50', 7, 1, '001518', 1, 1),
(147, '2019-01-29', '1', '9.55', '0.00', '0', '9.55', 7, 1, '001519', 1, 1),
(148, '2019-01-29', '1', '5', '0.00', '0', '5.00', 7, 1, '001520', 1, 1),
(149, '2019-01-30', '1', '3.85', '0.00', '0', '3.85', 7, 1, '001521', 1, 1),
(150, '2019-01-30', '1', '5.95', '0.00', '0', '5.95', 7, 1, '001522', 1, 1),
(151, '2019-01-30', '1', '7.5', '0.00', '0', '7.50', 7, 1, '001523', 1, 1),
(152, '2019-01-30', '1', '12.43', '0.00', '0', '12.43', 7, 1, '001524', 1, 1),
(153, '2019-01-30', '1', '4.25', '0.00', '0', '4.25', 7, 1, '001525', 1, 1),
(154, '2019-01-30', '1', '60.35', '0.00', '13', '52.50', 12, 1, '001526', 1, 1),
(155, '2019-01-30', '1', '4.45', '0.00', '0', '4.45', 7, 1, '001527', 1, 1),
(156, '2019-01-30', '1', '2', '0.00', '0', '2.00', 7, 1, '001528', 1, 1),
(157, '2019-02-01', '1', '4.45', '0.00', '0', '4.45', 7, 1, '001529', 1, 0),
(158, '2019-02-01', '1', '0.15', '0.00', '0', '0.15', 7, 1, '001530', 1, 0),
(159, '2019-02-01', '1', '0.4', '0.00', '0', '0.40', 7, 1, '001531', 1, 0),
(160, '2019-02-01', '8', '153', '0.00', '0', '153.00', 8, 1, '000004', 3, 1),
(161, '2019-02-01', '1', '4.35', '0.00', '0', '4.35', 7, 1, '001532', 1, 1),
(162, '2019-02-01', '1', '1.7', '0.00', '0', '1.70', 7, 1, '001533', 1, 1),
(163, '2019-02-01', '1', '13.72', '0.00', '0', '13.72', 7, 1, '001534', 1, 1),
(164, '2019-02-01', '1', '11.6', '0.00', '0', '11.60', 7, 1, '001535', 1, 0),
(165, '2019-02-01', '1', '0.75', '0.00', '0', '0.75', 7, 8, '001535', 1, 0),
(166, '2019-02-01', '1', '14.5', '0.00', '25', '10.88', 7, 8, '001535', 1, 1),
(167, '2019-02-01', '1', '5.15', '0.00', '0', '5.15', 7, 8, '001536', 1, 1),
(168, '2019-02-01', '1', '5.4', '0.00', '0', '5.40', 7, 8, '001537', 1, 1),
(169, '2019-02-02', '1', '15.3', '0.00', '0', '15.30', 7, 8, '001538', 1, 1),
(170, '2019-02-02', '1', '2.94', '0.00', '0', '2.94', 7, 8, '001539', 1, 1),
(171, '2019-02-02', '1', '3.5', '0.00', '0', '3.50', 7, 8, '001540', 1, 1),
(172, '2019-02-02', '1', '4.5', '0.00', '0', '4.50', 7, 8, '001541', 1, 1),
(173, '2019-02-02', '1', '11.99', '0.00', '0', '11.99', 7, 8, '001542', 1, 1),
(174, '2019-02-02', '1', '11.99', '0.00', '0', '11.99', 7, 8, '001543', 1, 1);

--
-- Índices para tablas volcadas
--

--
-- Indices de la tabla `abastecer`
--
ALTER TABLE `abastecer`
  ADD PRIMARY KEY (`id`),
  ADD KEY `fk_usuario_id` (`usuario_id`),
  ADD KEY `proveedor_id` (`proveedor_id`);

--
-- Indices de la tabla `caja`
--
ALTER TABLE `caja`
  ADD PRIMARY KEY (`id`);

--
-- Indices de la tabla `categorias`
--
ALTER TABLE `categorias`
  ADD PRIMARY KEY (`id`),
  ADD UNIQUE KEY `nombre_UNIQUE` (`nombre`);

--
-- Indices de la tabla `clientes`
--
ALTER TABLE `clientes`
  ADD PRIMARY KEY (`id`);

--
-- Indices de la tabla `detalle_abastecer`
--
ALTER TABLE `detalle_abastecer`
  ADD PRIMARY KEY (`id`),
  ADD KEY `fk_abastecer_id` (`abastecer_id`),
  ADD KEY `fk_producto2_id` (`producto_id`);

--
-- Indices de la tabla `detalle_venta`
--
ALTER TABLE `detalle_venta`
  ADD PRIMARY KEY (`id`),
  ADD KEY `fk_venta_detalle_idx` (`venta_id`),
  ADD KEY `fk_producto_detalle_idx` (`producto_id`);

--
-- Indices de la tabla `detalle_venta_servicio`
--
ALTER TABLE `detalle_venta_servicio`
  ADD PRIMARY KEY (`id`),
  ADD KEY `fk_servicios_id` (`servicio_id`),
  ADD KEY `fk_ventas` (`venta_id`);

--
-- Indices de la tabla `eventos`
--
ALTER TABLE `eventos`
  ADD PRIMARY KEY (`id_evento`);

--
-- Indices de la tabla `marca`
--
ALTER TABLE `marca`
  ADD PRIMARY KEY (`id_marca`);

--
-- Indices de la tabla `menus`
--
ALTER TABLE `menus`
  ADD PRIMARY KEY (`id`);

--
-- Indices de la tabla `permisos`
--
ALTER TABLE `permisos`
  ADD PRIMARY KEY (`id`),
  ADD KEY `menu_id` (`menu_id`),
  ADD KEY `rol_id` (`rol_id`),
  ADD KEY `menu_id_2` (`menu_id`),
  ADD KEY `rol_id_2` (`rol_id`);

--
-- Indices de la tabla `productos`
--
ALTER TABLE `productos`
  ADD PRIMARY KEY (`id`),
  ADD KEY `fk_categoria_producto_idx` (`categoria_id`),
  ADD KEY `id_marca` (`id_marca`),
  ADD KEY `id_proveedor` (`id_proveedor`),
  ADD KEY `id_presentacion` (`id_presentacion`);

--
-- Indices de la tabla `proveedor`
--
ALTER TABLE `proveedor`
  ADD PRIMARY KEY (`id_proveedor`);

--
-- Indices de la tabla `reclamos`
--
ALTER TABLE `reclamos`
  ADD PRIMARY KEY (`id`);

--
-- Indices de la tabla `roles`
--
ALTER TABLE `roles`
  ADD PRIMARY KEY (`id`),
  ADD UNIQUE KEY `nombre_UNIQUE` (`nombre`);

--
-- Indices de la tabla `servicios`
--
ALTER TABLE `servicios`
  ADD PRIMARY KEY (`id_servicio`),
  ADD KEY `id_presentacion` (`id_presentacion`),
  ADD KEY `id_presentacion_2` (`id_presentacion`);

--
-- Indices de la tabla `tipo_comprobante`
--
ALTER TABLE `tipo_comprobante`
  ADD PRIMARY KEY (`id`);

--
-- Indices de la tabla `tipo_presentacion`
--
ALTER TABLE `tipo_presentacion`
  ADD PRIMARY KEY (`id`);

--
-- Indices de la tabla `usuarios`
--
ALTER TABLE `usuarios`
  ADD PRIMARY KEY (`id`),
  ADD UNIQUE KEY `username_UNIQUE` (`username`),
  ADD UNIQUE KEY `email_UNIQUE` (`email`),
  ADD KEY `fk_rol_usuarios_idx` (`rol_id`);

--
-- Indices de la tabla `ventas`
--
ALTER TABLE `ventas`
  ADD PRIMARY KEY (`id`),
  ADD KEY `fk_usuario_venta_idx` (`usuario_id`),
  ADD KEY `fk_cliente_venta_idx` (`cliente_id`),
  ADD KEY `tipo_ducumento_id` (`tipo_comprobante_id`);

--
-- AUTO_INCREMENT de las tablas volcadas
--

--
-- AUTO_INCREMENT de la tabla `abastecer`
--
ALTER TABLE `abastecer`
  MODIFY `id` int(11) NOT NULL AUTO_INCREMENT, AUTO_INCREMENT=6;

--
-- AUTO_INCREMENT de la tabla `caja`
--
ALTER TABLE `caja`
  MODIFY `id` int(11) NOT NULL AUTO_INCREMENT, AUTO_INCREMENT=258;

--
-- AUTO_INCREMENT de la tabla `categorias`
--
ALTER TABLE `categorias`
  MODIFY `id` int(11) NOT NULL AUTO_INCREMENT, AUTO_INCREMENT=8;

--
-- AUTO_INCREMENT de la tabla `clientes`
--
ALTER TABLE `clientes`
  MODIFY `id` int(11) NOT NULL AUTO_INCREMENT, AUTO_INCREMENT=16;

--
-- AUTO_INCREMENT de la tabla `detalle_abastecer`
--
ALTER TABLE `detalle_abastecer`
  MODIFY `id` int(11) NOT NULL AUTO_INCREMENT, AUTO_INCREMENT=5;

--
-- AUTO_INCREMENT de la tabla `detalle_venta`
--
ALTER TABLE `detalle_venta`
  MODIFY `id` int(11) NOT NULL AUTO_INCREMENT, AUTO_INCREMENT=687;

--
-- AUTO_INCREMENT de la tabla `detalle_venta_servicio`
--
ALTER TABLE `detalle_venta_servicio`
  MODIFY `id` int(11) NOT NULL AUTO_INCREMENT, AUTO_INCREMENT=28;

--
-- AUTO_INCREMENT de la tabla `eventos`
--
ALTER TABLE `eventos`
  MODIFY `id_evento` int(11) NOT NULL AUTO_INCREMENT;

--
-- AUTO_INCREMENT de la tabla `marca`
--
ALTER TABLE `marca`
  MODIFY `id_marca` int(11) NOT NULL AUTO_INCREMENT, AUTO_INCREMENT=23;

--
-- AUTO_INCREMENT de la tabla `menus`
--
ALTER TABLE `menus`
  MODIFY `id` int(11) NOT NULL AUTO_INCREMENT, AUTO_INCREMENT=15;

--
-- AUTO_INCREMENT de la tabla `permisos`
--
ALTER TABLE `permisos`
  MODIFY `id` int(11) NOT NULL AUTO_INCREMENT, AUTO_INCREMENT=31;

--
-- AUTO_INCREMENT de la tabla `productos`
--
ALTER TABLE `productos`
  MODIFY `id` int(11) NOT NULL AUTO_INCREMENT, AUTO_INCREMENT=177;

--
-- AUTO_INCREMENT de la tabla `proveedor`
--
ALTER TABLE `proveedor`
  MODIFY `id_proveedor` int(11) NOT NULL AUTO_INCREMENT, AUTO_INCREMENT=8;

--
-- AUTO_INCREMENT de la tabla `reclamos`
--
ALTER TABLE `reclamos`
  MODIFY `id` int(11) NOT NULL AUTO_INCREMENT;

--
-- AUTO_INCREMENT de la tabla `roles`
--
ALTER TABLE `roles`
  MODIFY `id` int(11) NOT NULL AUTO_INCREMENT, AUTO_INCREMENT=4;

--
-- AUTO_INCREMENT de la tabla `servicios`
--
ALTER TABLE `servicios`
  MODIFY `id_servicio` int(11) NOT NULL AUTO_INCREMENT, AUTO_INCREMENT=10;

--
-- AUTO_INCREMENT de la tabla `tipo_comprobante`
--
ALTER TABLE `tipo_comprobante`
  MODIFY `id` int(11) NOT NULL AUTO_INCREMENT, AUTO_INCREMENT=7;

--
-- AUTO_INCREMENT de la tabla `tipo_presentacion`
--
ALTER TABLE `tipo_presentacion`
  MODIFY `id` int(11) NOT NULL AUTO_INCREMENT, AUTO_INCREMENT=11;

--
-- AUTO_INCREMENT de la tabla `usuarios`
--
ALTER TABLE `usuarios`
  MODIFY `id` int(11) NOT NULL AUTO_INCREMENT, AUTO_INCREMENT=9;

--
-- AUTO_INCREMENT de la tabla `ventas`
--
ALTER TABLE `ventas`
  MODIFY `id` int(11) NOT NULL AUTO_INCREMENT, AUTO_INCREMENT=175;

--
-- Restricciones para tablas volcadas
--

--
-- Filtros para la tabla `abastecer`
--
ALTER TABLE `abastecer`
  ADD CONSTRAINT `abastecer_ibfk_1` FOREIGN KEY (`usuario_id`) REFERENCES `usuarios` (`id`) ON DELETE NO ACTION ON UPDATE NO ACTION,
  ADD CONSTRAINT `abastecer_ibfk_2` FOREIGN KEY (`proveedor_id`) REFERENCES `proveedor` (`id_proveedor`);

--
-- Filtros para la tabla `detalle_abastecer`
--
ALTER TABLE `detalle_abastecer`
  ADD CONSTRAINT `detalle_abastecer_ibfk_1` FOREIGN KEY (`abastecer_id`) REFERENCES `abastecer` (`id`) ON DELETE NO ACTION ON UPDATE NO ACTION,
  ADD CONSTRAINT `detalle_abastecer_ibfk_2` FOREIGN KEY (`producto_id`) REFERENCES `productos` (`id`) ON DELETE NO ACTION ON UPDATE NO ACTION;

--
-- Filtros para la tabla `detalle_venta`
--
ALTER TABLE `detalle_venta`
  ADD CONSTRAINT `detalle_venta_ibfk_1` FOREIGN KEY (`producto_id`) REFERENCES `productos` (`id`),
  ADD CONSTRAINT `detalle_venta_ibfk_2` FOREIGN KEY (`venta_id`) REFERENCES `ventas` (`id`);

--
-- Filtros para la tabla `permisos`
--
ALTER TABLE `permisos`
  ADD CONSTRAINT `permisos_ibfk_1` FOREIGN KEY (`menu_id`) REFERENCES `menus` (`id`),
  ADD CONSTRAINT `permisos_ibfk_2` FOREIGN KEY (`rol_id`) REFERENCES `roles` (`id`);

--
-- Filtros para la tabla `productos`
--
ALTER TABLE `productos`
  ADD CONSTRAINT `productos_ibfk_1` FOREIGN KEY (`categoria_id`) REFERENCES `categorias` (`id`),
  ADD CONSTRAINT `productos_ibfk_2` FOREIGN KEY (`id_proveedor`) REFERENCES `proveedor` (`id_proveedor`),
  ADD CONSTRAINT `productos_ibfk_3` FOREIGN KEY (`id_marca`) REFERENCES `marca` (`id_marca`),
  ADD CONSTRAINT `productos_ibfk_4` FOREIGN KEY (`id_presentacion`) REFERENCES `tipo_presentacion` (`id`);

--
-- Filtros para la tabla `servicios`
--
ALTER TABLE `servicios`
  ADD CONSTRAINT `servicios_ibfk_1` FOREIGN KEY (`id_presentacion`) REFERENCES `tipo_presentacion` (`id`);

--
-- Filtros para la tabla `usuarios`
--
ALTER TABLE `usuarios`
  ADD CONSTRAINT `usuarios_ibfk_1` FOREIGN KEY (`rol_id`) REFERENCES `roles` (`id`);

--
-- Filtros para la tabla `ventas`
--
ALTER TABLE `ventas`
  ADD CONSTRAINT `ventas_ibfk_1` FOREIGN KEY (`tipo_comprobante_id`) REFERENCES `tipo_comprobante` (`id`),
  ADD CONSTRAINT `ventas_ibfk_2` FOREIGN KEY (`cliente_id`) REFERENCES `clientes` (`id`),
  ADD CONSTRAINT `ventas_ibfk_3` FOREIGN KEY (`usuario_id`) REFERENCES `usuarios` (`id`);
COMMIT;

/*!40101 SET CHARACTER_SET_CLIENT=@OLD_CHARACTER_SET_CLIENT */;
/*!40101 SET CHARACTER_SET_RESULTS=@OLD_CHARACTER_SET_RESULTS */;
/*!40101 SET COLLATION_CONNECTION=@OLD_COLLATION_CONNECTION */;
